{
  "doc_title": "Tecsys Specialized Troubleshooting",
  "module": "Operations",
  "version": "V1",
  "total_slides": 32,
  "slides": [
    {
      "number": 0,
      "title": "Tecsys Specialized Troubleshooting",
      "bullets": [
        "Walter Surface Technologies",
        "Module: Operations",
        "Version 1.0 | February 2026"
      ]
    },
    {
      "number": 1,
      "title": "TECSYS WMS SPECIALIZED TROUBLESHOOTING",
      "bullets": []
    },
    {
      "number": 2,
      "title": "Multi-Box Shipping | Ghost Inventory | Picker Procedures | Scanner Setup",
      "bullets": [
        "**Version 1.0 | February 2026**"
      ]
    },
    {
      "number": 3,
      "title": "Table of Contents",
      "bullets": [
        "1. [Multi-Box Shipments (System Only Knows One Box)](#multi-box)",
        "2. [Finding and Preventing Ghost Inventory](#ghost-inventory)",
        "3. [Picker's Guide: Preventing & Fixing Discrepancies](#picker-guide)",
        "4. [Netum C7340 Scanner Connection & Troubleshooting](#scanner-setup)"
      ]
    },
    {
      "number": 4,
      "title": "1. Multi-Box Shipments",
      "bullets": []
    },
    {
      "number": 5,
      "title": "The Problem",
      "bullets": [
        "**Scenario**: Order fits in one box in system, but due to size/weight, you need to ship in 2-3 boxes. System only generates one shipping label.",
        "System allocated based on item dimensions/weights",
        "Didn't account for how items actually pack together",
        "Box size limits (carrier restrictions)",
        "Weight limits per box (50 lbs for UPS, etc.)",
        "Fragile items can't be packed together",
        "[CODE] Order contains: | - 2 heavy motors (25 lbs each)  | - 1 case of lubricant (30 lbs) | - Various small parts (10 lbs) |  | System thinks: \"85 lbs total, fits in one box\" | Reality: Can't exceed 50 lbs per box = Need 2 boxes minimum"
      ]
    },
    {
      "number": 6,
      "title": "Solution: Container Build & Merge Process",
      "bullets": [
        "**Method 1: Desktop - Container Build (Recommended)**",
        "Planning multi-box shipment BEFORE packing",
        "Multiple orders going to same customer",
        "Know you'll need extra boxes",
        "**Step-by-Step Procedure**:",
        "**Step 1: Identify What You're Shipping**",
        "[CODE] Navigate to: Outbound Order Management > Staging Table | Search for: Order number | Review:  | - Items to ship | - Quantities | - Weights/dimensions | - Calculate: How many boxes needed?",
        "**Step 2: Create Additional Containers**",
        "[CODE] Navigate to: Outbound Order Management > Packing Station Activities > Container Build |  | For each additional box needed: |  | 1. Click \"New Container\" | 2. Container Number field:  |    - Leave blank (system auto-generates) |    - Or enter your own (SHIP-12345-2, SHIP-12345-3, etc.) | 3. Container Type: Select box size (Small, Medium, Large, Pallet) | 4. Location: Packing station location | 5. New Label: Set to \"Yes\" | 6. Click \"Continue\"",
        "**Step 3: Add Items to Containers**",
        "[CODE] Container Build Inventory window appears: |  | For each item going in THIS box: | 1. Tag field: Scan or enter tag ID (from pick) | 2. Input Quantity: Enter qty for this box | 3. Click \"Add\" | 4. Repeat for all items in this box | 5. Click \"Submit\" when box complete | 6. Click \"Close\" |  | System now knows: | - Container 1: Contains X items | - Container 2: Contains Y items | - Container 3: Contains Z items",
        "**Step 4: Print Labels for All Containers**",
        "[CODE] Navigate to: Shipping Activities > Print Labels |  | System shows all containers for shipment | Select: All containers (check boxes) | Click: \"Print Labels\" | Result: One label per container",
        "**Step 5: Complete Shipment**",
        "[CODE] All boxes labeled and packed: | 1. Navigate to: Shipment Completion | 2. Select shipment | 3. Verify all containers listed | 4. Click \"Complete\" | 5. System removes from inventory | 6. Tracking updates for all boxes",
        "**Method 2: Mobile/RF - Container Build**",
        "Packing at station with RF scanner",
        "Faster for experienced users",
        "No desktop nearby",
        "**Procedure on RF Scanner**:",
        "[CODE] 1. Select \"Pack\" resource | 2. Under Pack: Click \"Container Build\" | 3. Scan or enter container number (or leave blank) | 4. Select container type (box size) | 5. Set \"New Label\" to Yes | 6. Scan/enter location | 7. Continue |  | For each item in this box: | 8. Scan tag ID (from picked item) | 9. Enter quantity | 10. Add | 11. Repeat for all items | 12. Submit | 13. Label prints automatically |  | Repeat entire process for each additional box",
        "**Method 3: Container Merge (Splitting After Packing)**",
        "Already packed everything in one container",
        "Realized it's too heavy/large",
        "Need to split into multiple boxes",
        "**Step 1: Create New Container(s)**",
        "[CODE] Desktop: Container Build (as above) | Create empty containers for split | Don't add items yet - just create containers",
        "**Step 2: Merge/Split Items**",
        "[CODE] Navigate to: Packing Station Activities > Container Merge or Unpack |  | Unpack from original container: | 1. Container field: Enter original container (FROM) | 2. To Container field: Enter new container (TO) | 3. New Label: Yes | 4. All Contents: No (only moving some items) | 5. Continue |  | Container Merge Inventory screen shows items: | 6. Input Quantity field: Enter how much to MOVE to new box | 7. Continue | 8. System moves items from Container 1 to Container 2 |  | Repeat to split into Co",
        "**Step 3: Verify Split**",
        "[CODE] Check each container: | - Navigate to: Container Inquiry | - Enter each container number | - Verify contents correct | - Verify weights acceptable | - Print labels for all"
      ]
    },
    {
      "number": 7,
      "title": "Common Scenarios & Solutions",
      "bullets": [
        "**Scenario A: Heavy Single Item**",
        "**Problem**: One item weighs 60 lbs, exceeds carrier limit of 50 lbs",
        "[CODE] Option 1: Use freight carrier (for single heavy item) | - Change carrier service to LTL/Freight | - Freight allows higher weight limits | - May cost more |  | Option 2: Special handling label | - Ship via UPS/FedEx Heavy Package | - Print special handling label | - Carrier aware of weight |  | Option 3: Split if possible | - If item can be disassembled | - Pack components separately | - Not always feasible",
        "**Scenario B: Fragile Items**",
        "**Problem**: Order has glass items + heavy items, can't pack together",
        "[CODE] Create 2 containers: | - Container 1: Fragile items only | - Container 2: Heavy items | - Mark Container 1 as \"Fragile\" in system | - Print fragile label | - Both ship to same address, same order",
        "**Scenario C: Dimensional Weight Issue**",
        "**Problem**: Items physically fit in one box, but dimensional weight too high",
        "Carriers charge by whichever is greater: actual weight or dimensional weight",
        "Dimensional weight = (L × W × H) / 166 for domestic",
        "[CODE] Pack in smaller boxes: | - 2 smaller boxes may have lower total dimensional weight | - Than 1 large box | - Even if actual weight same | - Calculate before packing |  | Example: | Option A: 1 box 20×20×20 = 8000/166 = 48 lbs dim weight | Option B: 2 boxes 15×10×10 = 1500/166 = 9 lbs each = 18 lbs total | Use Option B even though more boxes!",
        "**Scenario D: Carrier Restrictions**",
        "**Problem**: UPS won't accept package over 150 lbs or 108 inches in length+girth",
        "[CODE] Check dimensions BEFORE creating container: | - Length: Longest side | - Girth: 2×(Width + Height) | - Length + Girth must be ≤ 108 inches for UPS |  | If exceeds: | - Split into smaller boxes | - OR use freight carrier | - Update carrier service in shipment"
      ]
    },
    {
      "number": 8,
      "title": "Prevention & Best Practices",
      "bullets": [
        "**During Order Entry**",
        "[CODE] If order likely needs multiple boxes: | 1. Add note in order: \"MULTI-BOX SHIPMENT\" | 2. Packer knows to plan accordingly | 3. Prevents surprise at shipping",
        "**At Packing Station**",
        "[CODE] Before packing: | 1. Lay out all items | 2. Visual check: How many boxes needed? | 3. Check weights (scale nearby) | 4. Check dimensions of boxes available | 5. Plan box contents BEFORE creating containers |  | Tools needed: | - Scale at every packing station | - Tape measure | - Box size chart with carrier limits posted | - Calculator for dim weight",
        "**Standard Operating Procedure**",
        "[CODE] Create SOP for packers: | \"If order exceeds [weight/size], STOP\" | 1. Don't pack in one box | 2. Create multiple containers first | 3. Then pack | 4. Prevents repacking |  | Thresholds: | - Weight >40 lbs → Consider multi-box | - Items >3 feet long → Check carrier limits | - Fragile + heavy → Separate boxes | - High-value items → Special container/handling"
      ]
    },
    {
      "number": 9,
      "title": "Troubleshooting Multi-Box Issues",
      "bullets": [
        "**Problem: Labels Already Printed for One Box**",
        "**You realize need 2 boxes AFTER printing first label**",
        "[CODE] 1. Void the original label: |    - Shipment Edit > Select shipment |    - More Actions > Void Label | 2. Create additional containers (Container Build) | 3. Split items between containers | 4. Print new labels for ALL containers | 5. Apply correct label to each box",
        "**Problem: Shipped with Wrong Number of Boxes**",
        "**Customer receives 2 boxes, tracking shows 1**",
        "[CODE] This is serious - carrier tracking doesn't match reality |  | 1. Document: |    - How many boxes actually shipped |    - What was in each box |    - Tracking numbers used | 2. Update in system: |    - Add the missing containers retroactively |    - Update shipment completion | 3. Contact carrier: |    - Report discrepancy |    - May need to void/recreate tracking | 4. Notify customer: |    - Explain tracking may show incomplete |    - Provide all tracking numbers",
        "**Problem: System Won't Let Me Create More Containers**",
        "**Error: \"Max containers reached\" or similar**",
        "Cause: System limit on containers per order",
        "[CODE] 1. Check system configuration: |    - System Admin > Shipping Parameters |    - Look for \"Max Containers Per Shipment\" |    - May be set to 1 or low number | 2. Supervisor can override: |    - Or increase limit temporarily | 3. Long-term: Adjust configuration to realistic limit | 4. Emergency: Ship as separate orders (last resort)"
      ]
    },
    {
      "number": 10,
      "title": "2. Finding and Preventing Ghost Inventory",
      "bullets": []
    },
    {
      "number": 11,
      "title": "What is Ghost Inventory?",
      "bullets": [
        "**Definition**: Inventory that shows in Tecsys but doesn't physically exist in the location (or warehouse).",
        "[CODE] System shows: Location A-15-03 has 50 units of item ABC123 | Physical reality: Location A-15-03 is empty or has different item | Result: Orders can't be fulfilled, pick tasks fail, cycle counts fail",
        "**Why It's Called \"Ghost\"**:",
        "You can see it in the system, but you can't touch it in real life. It haunts your inventory accuracy."
      ]
    },
    {
      "number": 12,
      "title": "How Ghost Inventory Happens",
      "bullets": [
        "**Root Cause #1: Pick Confirmed But Not Performed**",
        "[CODE] What happened: | 1. Picker gets task: Pick 10 units from A-15-03 | 2. Picker goes to A-15-03 | 3. Location is empty (items already picked earlier) | 4. Picker doesn't report short pick | 5. Picker confirms task anyway (to clear queue) | 6. System thinks: \"Picked 10 units, removed from A-15-03\" | 7. Reality: Nothing was picked, but system removed inventory |  | Result:  | - System shows 0 (correct) | - But items never left location because they were never there | - If system STARTED with ghost in",
        "**Root Cause #2: Putaway Not Confirmed**",
        "[CODE] What happened: | 1. Receiver receives 100 units | 2. System allocates to location B-20-05 | 3. Receiver prints putaway task | 4. Receiver gets busy, doesn't complete putaway that day | 5. Items sit in staging area | 6. System thinks: Items in B-20-05 | 7. Reality: Items in staging, B-20-05 is empty |  | Result: Ghost inventory in B-20-05",
        "**Root Cause #3: Physical Move Without System Update**",
        "[CODE] What happened: | 1. Location A-10-01 getting repaired | 2. Staff physically move items to A-10-02 (nearby location) | 3. Forget to create inventory move in Tecsys | 4. System thinks: Items still in A-10-01 | 5. Reality: Items in A-10-02 |  | Result:  | - Ghost inventory in A-10-01 | - Unreported inventory in A-10-02",
        "**Root Cause #4: Adjustment Errors**",
        "[CODE] What happened: | 1. Cycle counter finds 10 units in location | 2. System shows 0 units | 3. Counter creates adjustment UP (+10) | 4. But counter was at WRONG location (read label wrong) | 5. Now system shows 10 units where there are really 0 |  | Result: Ghost inventory created by adjustment",
        "**Root Cause #5: Returns Not Received**",
        "[CODE] What happened: | 1. Customer returns 20 units | 2. Return processed in system (inventory added) | 3. But physical items never arrived (lost in shipping) | 4. System shows: +20 units in returns area | 5. Reality: No physical items |  | Result: Ghost inventory in returns"
      ]
    },
    {
      "number": 13,
      "title": "Finding Ghost Inventory",
      "bullets": [
        "**Method 1: Cycle Count Variance Analysis**",
        "**Proactive approach - find it before it causes problems**",
        "[CODE] Weekly process: | 1. Run cycle count variance report | 2. Look for patterns: |    - Same locations repeatedly short |    - Same items repeatedly missing |    - Specific users with high variance |     | 3. Filter for \"system shows inventory, physical shows zero\" |    - This is your ghost inventory |  | 4. Investigate each: |    - Review transaction history |    - Find where it went wrong |    - Correct with adjustment",
        "**Tecsys Procedure**:",
        "[CODE] Navigate to: Inventory Management > Reports > Cycle Count Variance |  | Filters: | - Date range: Last 30 days | - Variance Type: \"System > Physical\" (more in system than real) | - Variance amount: >5 units or >$50 value |  | Export results | Sort by: Location, Item, User |  | Patterns to look for: | - Locations with repeated variances | - Items always short | - Times of day (shift issues?)",
        "**Method 2: Zero-Balance Physical Locations**",
        "**Find locations that should have inventory but are physically empty**",
        "[CODE] Monthly process: | 1. Generate pick list of all \"active\" locations | 2. Physical walkthrough with scanner | 3. For each location: |    - Does system show inventory? (check scanner) |    - Is location physically empty? |    - If YES + YES = Ghost inventory | 4. Document all findings | 5. Create adjustments",
        "**Quick Check Method**:",
        "[CODE] Random sample: | - Pick 20 locations system shows >10 units | - Physically verify | - If >30% are empty = Widespread ghost inventory problem | - Full investigation needed",
        "**Method 3: Failed Pick Task Analysis**",
        "**Reactive - find ghosts when pickers can't find items**",
        "[CODE] Daily process: | 1. Review short pick reports | 2. Look for: \"Item not in location\" reasons | 3. For each short pick: |    - Was item actually there? (check transactions) |    - Or was it ghost inventory? (never there) |  | Tecsys Procedure: | Navigate to: Task Management > Exception Report | Filter: Short Pick, Last 24 hours | Review: Each item + location | If pattern: Same locations = Ghost inventory source",
        "**Method 4: Allocation Failures**",
        "**Orders can't allocate despite \"available\" inventory**",
        "[CODE] When order won't allocate: | 1. Check available inventory for item | 2. Inventory shows available | 3. But allocation fails | 4. Likely cause: Ghost inventory |  | Investigation: | - Find which location(s) show availability | - Physical check those locations | - If empty: Ghost inventory | - Adjust to zero | - Reallocate order from real location",
        "**Method 5: Aging Inventory in Same Location**",
        "**Items that haven't moved in 90+ days - may be ghost**",
        "[CODE] Quarterly process: | 1. Run aging report | 2. Items in same location >90 days | 3. Physically verify each | 4. High probability some are ghost |  | Tecsys Report: | Navigate to: Inventory Management > Aging Report | Filter: Days in location >90 | Sort by: Value (check high-value first) | Physical verification priority list"
      ]
    },
    {
      "number": 14,
      "title": "Preventing Ghost Inventory",
      "bullets": [
        "**Prevention Strategy #1: Enforce Short Pick Reporting**",
        "**Make it impossible to skip short pick process**",
        "[CODE] Policy: | \"NEVER confirm pick from empty location\" |  | Training: | - Show pickers how to report short pick | - Explain why it matters | - Disciplinary action for violations |  | System: | - Some WMS can require photo proof of pick | - Or require manager override for zero picks | - RF scanner can force short pick reason code",
        "**Tecsys Setting** (if available):",
        "[CODE] System Admin > Picking Configuration | Enable: \"Require short pick justification\" | Options: | - Photo of empty location | - Supervisor approval code | - Reason code mandatory | - Cannot skip |  | This prevents ghost inventory creation at source",
        "**Prevention Strategy #2: Same-Day Putaway Rule**",
        "**Items received today MUST be put away today**",
        "[CODE] SOP: | \"All receipts putaway by end of shift\" |  | Daily check: | - Review putaway task list | - Any tasks >4 hours old? | - Supervisor assigns urgently | - Nothing stays in staging overnight |  | This prevents: | - Ghost inventory from unreported staging | - Items lost in staging | - Putaway backlog",
        "**Prevention Strategy #3: Physical Move = System Move**",
        "**Train staff: NEVER move items without system transaction**",
        "[CODE] Rule: | \"If you physically touch it, you log it in system\" |  | Training: | - Show how to create inventory move | - Keep RF scanners in aisles | - Make it easier to log than not log |  | For non-RF users: | - Provide desktop access points in warehouse | - Or create paper form → supervisor enters daily",
        "**Prevention Strategy #4: Two-Person Cycle Counts**",
        "**For locations with repeated ghost inventory**",
        "[CODE] Process: | - First person counts location | - Second person recounts (blind) | - Counts must match | - If don't match: Third person ties |  | Why it works: | - Catches counting errors immediately | - Prevents adjustments based on wrong counts | - Eliminates single point of failure",
        "**Prevention Strategy #5: Transaction Audit Trail Review**",
        "**Weekly review of suspicious transactions**",
        "[CODE] System Admin: Review transaction logs |  | Red flags: | - Large adjustments by same user | - Adjustments always in same direction (always adding) | - Picks confirmed in <30 seconds (impossible time) | - Putaways to same location repeatedly |  | Action: | - Investigate suspicious patterns | - Recount affected locations | - Retrain or discipline as needed",
        "**Prevention Strategy #6: Lock Inactive Locations**",
        "**Prevent putaway/picks from problem locations**",
        "[CODE] For locations with repeated issues: | 1. System Admin > Locations | 2. Set status: \"Inactive\" or \"Hold\" | 3. System won't allow: |    - Picks from location |    - Putaways to location |    - New inventory |  | Physical: | - Mark with tape/sign | - Remove from pick paths | - Investigate and fix underlying issue"
      ]
    },
    {
      "number": 15,
      "title": "Correcting Ghost Inventory",
      "bullets": [
        "**Standard Correction Procedure**",
        "[CODE] Once ghost inventory identified: |  | Step 1: Verify It's Actually Ghost | - Physically verify location 3 times | - Check all shelf positions | - Check nearby locations (maybe misfiled) | - Check staging/damage/returns areas | - Last resort: Assume it's ghost |  | Step 2: Research How It Happened | - Transaction history for item + location | - When did it appear? | - Who was involved? | - What transaction created it? |  | Step 3: Create Adjustment | Desktop: Inventory Adjustments | - Item number",
        "**Bulk Ghost Inventory Correction**",
        "**When you find widespread ghost inventory problem**",
        "[CODE] WARNING: Only with manager approval |  | Process: | 1. Identify all affected locations (cycle count variance report) | 2. Physically verify each (photo proof) | 3. Create spreadsheet: |    - Item | Location | System Qty | Physical Qty | Variance | 4. Manager reviews and approves | 5. Import adjustments (bulk import tool) | 6. System processes all at once |  | Tecsys Bulk Import: | System Admin > Data Import > Inventory Adjustments | Upload CSV file with all corrections | System validates | Confi"
      ]
    },
    {
      "number": 16,
      "title": "Ghost Inventory KPIs to Track",
      "bullets": [
        "[CODE] Monthly metrics: | 1. Ghost Inventory Value: Total $ of inventory adjusted to zero | 2. Ghost Inventory Locations: # of locations found with ghost | 3. Ghost Inventory Items: # of unique items affected | 4. Root Cause Breakdown: % by cause type | 5. Trend: Improving or worsening? |  | Target: <0.5% of total inventory value | If >2%: Major problem requiring intervention"
      ]
    },
    {
      "number": 17,
      "title": "3. Picker's Guide: Preventing & Fixing Discrepancies",
      "bullets": []
    },
    {
      "number": 18,
      "title": "Your Role in Inventory Accuracy",
      "bullets": [
        "**Why pickers matter most**:",
        "Pickers touch inventory more than anyone",
        "Pickers confirm transactions that update system",
        "Picker errors create or reveal discrepancies",
        "Pickers are first to discover issues",
        "**Bottom line**: Inventory accuracy starts with YOU."
      ]
    },
    {
      "number": 19,
      "title": "Preventing Discrepancies While Picking",
      "bullets": [
        "**Rule #1: Verify Before You Scan**",
        "**Every single pick, every single time:**",
        "[CODE] The 4-Point Check: | 1. Location: Am I at the RIGHT location? |    - Scan location barcode (don't type) |    - Verify matches pick task |    - If doesn't match: STOP |  | 2. Item: Is this the RIGHT item? |    - Scan item barcode |    - Verify matches pick task |    - Check description (not just number) |    - Similar items often stored nearby |  | 3. Quantity: Do I have the RIGHT amount? |    - Count carefully |    - For cases: Count cases, not pieces |    - For pieces: Count pieces |    - Recou",
        "**Time investment**: 10 seconds per pick",
        "**Accuracy improvement**: 95% → 99.8%",
        "**Worth it**: Absolutely",
        "**Rule #2: NEVER Confirm From Empty Location**",
        "**This is the #1 cause of ghost inventory**",
        "[CODE] Scenario: Pick task says 10 units in location A-05-12 | You go to A-05-12 | Location is EMPTY |  | WRONG response: | \"Maybe someone already picked it, I'll just confirm  | the task to clear it from my queue\" | Result: System removes 10 units that weren't there |          Ghost inventory created |  | RIGHT response: | 1. Double-check you're at correct location | 2. Look nearby locations (A-05-11, A-05-13) | 3. Check behind other items, top/bottom shelf | 4. If truly not there: REPORT SHORT PICK |",
        "**Rule #3: If Something's Wrong, STOP**",
        "**Don't try to fix it yourself - report it**",
        "[CODE] STOP and report if you see: |  | Location issues: | - Location label damaged/missing | - Location full (can't fit more items) | - Wrong item in location | - Location doesn't exist in system |  | Item issues: | - Item barcode won't scan | - Item damaged | - Item expired (check date!) | - Quantity doesn't match expectation | - Item on hold but pick task assigned |  | Safety issues: | - Pallet unstable | - Rack damaged | - Spill in aisle | - Heavy item on high shelf (need lift equipment) |  | Emerg",
        "Small issues: Tell supervisor at next break",
        "Moderate issues: Radio supervisor now",
        "Safety issues: Stop work, radio supervisor immediately",
        "System errors: Supervisor handles",
        "**Rule #4: Complete Picks in Real-Time**",
        "**Don't batch confirm at end of shift**",
        "[CODE] WRONG workflow: | - Pick 20 items throughout shift | - Keep them in cart | - Confirm all 20 at 3:45 PM before leaving | - Go home |  | Problems: | - If you forget to confirm: Items not removed from inventory | - If you confirm wrong quantities: Inventory inaccurate | - If someone else needs item: Shows in your cart, not available | - Time delay creates confusion |  | RIGHT workflow: | - Pick item | - Scan to confirm immediately (or at staging) | - Move to next pick | - System updates in real-tim",
        "Confirm picks at staging (batch confirmation point)",
        "But within 15 minutes of picking",
        "Not at end of shift"
      ]
    },
    {
      "number": 20,
      "title": "Fixing Discrepancies You Find",
      "bullets": [
        "**Situation 1: Item Not in Location (Short Pick)**",
        "**You go to pick, item isn't there**",
        "[CODE] RF Scanner Procedure: |  | 1. Verify location correct (scan location again) | 2. Search surrounding area (2 min max) | 3. If not found: Report short pick |    - On pick task screen |    - Select \"Short Pick\" or \"Exception\" |    - Enter actual quantity (usually 0) |    - Select reason: \"Not in location\" |    - Submit |  | System creates exception report | Supervisor investigates | Your job done correctly |  | NEVER: | - Pick from different location (unless told by supervisor) | - Confirm full qua",
        "**Situation 2: Wrong Item in Location**",
        "**Location has different item than expected**",
        "[CODE] Example: | Pick task: Get item ABC123 from A-10-05 | You go to A-10-05 | Location has item XYZ789 |  | DO NOT: | - Pick the wrong item | - Assume items are same/interchangeable | - Swap items yourself |  | DO: | 1. Verify you're at correct location (scan again) | 2. Verify item number on pick task (read carefully) | 3. If truly wrong item: Report exception |    - On RF scanner: Exception or Wrong Item |    - Note what item is actually there: XYZ789 |    - Note what was expected: ABC123 | 4. Supe",
        "**Situation 3: Quantity Doesn't Match**",
        "**System says 50, you count 45**",
        "[CODE] First response: Recount | - Maybe you miscounted | - Count carefully again | - Still 45? Proceed |  | Report on RF Scanner: | 1. Select \"Short Pick\" | 2. Actual quantity: 45 | 3. Expected: 50 | 4. Difference: -5 (system will calculate) | 5. Reason: \"Count mismatch\" | 6. Submit |  | System behavior: | - Pick task shows 45 picked | - Exception created for missing 5 | - Supervisor investigates |  | What happens next (supervisor does this): | - Physical recount by different person | - Review transac",
        "**Situation 4: Damaged Item**",
        "**Item is damaged, but system wants you to pick it**",
        "[CODE] DO NOT pick damaged items |  | Procedure: | 1. Take photo if possible (phone camera) | 2. On RF scanner: Select Exception | 3. Reason: \"Item damaged\" | 4. Quantity picked: 0 | 5. Submit | 6. Physical action: |    - Leave item in location (don't move) |    - Or move to damage bin if clearly damaged |    - Attach note: \"DAMAGED - DO NOT PICK\" | 7. Report to supervisor (same day) |  | Supervisor will: | - Verify damage | - Create inventory hold | - Move to damage area | - Process return to vendor o",
        "**Situation 5: Expired Product**",
        "**Item is past expiration date**",
        "[CODE] First: Check date carefully | - Some dates are \"manufacture date\" not expiration | - Know the difference |  | If truly expired: | 1. DO NOT PICK | 2. On RF scanner: Exception | 3. Reason: \"Expired product\" | 4. Date expired: [enter date from package] | 5. Submit | 6. Physical: |    - Quarantine the item |    - Move to expired products area |    - DO NOT leave in pick location |  | Supervisor will: | - Verify expiration | - Create inventory hold | - Process as expired | - Return to vendor or disp"
      ]
    },
    {
      "number": 21,
      "title": "Daily Picker Checklist",
      "bullets": [
        "**Start of Shift** (2 minutes):",
        "[ ] RF scanner fully charged",
        "[ ] Scanner connects to system (test scan)",
        "[ ] Verify correct warehouse selected",
        "[ ] Check for messages/alerts from supervisor",
        "[ ] Review any location changes/closures",
        "**During Picking** (Ongoing):",
        "[ ] Scan location before picking (every time)",
        "[ ] Verify item number matches (every time)",
        "[ ] Count quantity carefully",
        "[ ] Report exceptions immediately (don't batch)",
        "[ ] Confirm picks in real-time",
        "**End of Shift** (5 minutes):",
        "[ ] Complete all open pick tasks (or reassign)",
        "[ ] Return scanner to charging station",
        "[ ] Report any issues found during day",
        "[ ] Empty cart (don't leave items)",
        "[ ] Clean workspace"
      ]
    },
    {
      "number": 22,
      "title": "What Happens to Exceptions You Report",
      "bullets": [
        "**Understanding the process helps you report better**",
        "[CODE] You report short pick →  | Exception appears on supervisor dashboard →  | Supervisor investigates: |   - Reviews transaction history |   - Checks if item elsewhere |   - May create cycle count |   - Reallocates from different location → | Order still ships on time (different location) → | Cycle count reveals root cause → | Process improved to prevent future |  | Result: You did your job correctly, inventory stays accurate",
        "**If you DON'T report**:",
        "[CODE] You confirm pick that didn't happen → | System removes inventory that wasn't there → | Ghost inventory created → | Next picker can't find item (same problem) → | Cycle count finds error → | Investigation shows YOU confirmed wrong pick → | Disciplinary action possible |  | Result: Inventory inaccurate, problem cascades, you look bad",
        "**Always report. Always.**"
      ]
    },
    {
      "number": 23,
      "title": "4. Netum C7340 Scanner Connection & Troubleshooting",
      "bullets": []
    },
    {
      "number": 24,
      "title": "Initial Setup: Connecting Netum C7340 to iPad/Android",
      "bullets": [
        "**What You Need**",
        "Netum C7340 Bluetooth Scanner",
        "iPad or Android device",
        "Tecsys WMS app installed on device",
        "Scanner charged (at least 50%)",
        "**Method 1: Connecting to iPad**",
        "**Step 1: Prepare Scanner**",
        "[CODE] 1. Turn on scanner (hold power button 3 seconds) | 2. Scanner beeps and LED lights up blue | 3. If LED is solid blue: Already paired to different device |    - Hold power button 5 seconds to reset |    - LED will flash blue = Ready to pair",
        "**Step 2: Enable Bluetooth on iPad**",
        "[CODE] 1. Settings app | 2. Bluetooth | 3. Toggle ON (green) | 4. Leave this screen open (don't close Settings)",
        "**Step 3: Put Scanner in Pairing Mode**",
        "[CODE] The Netum C7340 has two pairing modes: |  | Mode 1: HID Mode (Keyboard Emulation) - DEFAULT | - Scan the \"HID Mode\" barcode in manual | - Or: Hold trigger + power button together for 3 seconds | - Scanner beeps twice | - LED flashes blue rapidly |  | Mode 2: SPP Mode (Serial Port Profile) - ADVANCED | - Only use if HID doesn't work with your app | - Scan the \"SPP Mode\" barcode in manual | - Scanner beeps three times | - LED flashes blue + red |  | For Tecsys: Start with HID Mode",
        "**Step 4: Pair on iPad**",
        "[CODE] On iPad Bluetooth screen: |  | 1. Under \"Other Devices\" you'll see: |    - \"Netum C7340\" or \"Bluetooth Scanner\" |     | 2. Tap the device name |  | 3. Pairing prompt appears with code (usually 000000 or 1234) |  | 4. On scanner: Scan the barcode for that pairing code |    - Look in manual for \"Pairing Code\" page |    - Find barcode for \"0000\" or \"1234\" |    - Scan it with the scanner |     | 5. iPad shows \"Connected\" |  | 6. Device moves to \"My Devices\" section |  | 7. Status shows \"Connected\" (",
        "**Step 5: Test Connection**",
        "[CODE] 1. Open Notes app on iPad (or any text field) | 2. Scan any barcode with Netum scanner | 3. Barcode number should appear in Notes | 4. If YES: Scanner paired correctly | 5. If NO: Troubleshoot below",
        "**Step 6: Open Tecsys App**",
        "[CODE] 1. Launch Tecsys WMS app | 2. Scanner should work automatically | 3. Test by scanning location/item barcode | 4. If scanner works: Setup complete | 5. If not: Check app settings for scanner input",
        "**Method 2: Connecting to Android**",
        "**Step 1: Prepare Scanner**",
        "[CODE] Same as iPad - Turn on, reset if needed",
        "**Step 2: Enable Bluetooth on Android**",
        "[CODE] 1. Settings | 2. Connected devices (or Bluetooth) | 3. Connection preferences > Bluetooth | 4. Toggle ON | 5. Tap \"Pair new device\"",
        "**Step 3: Put Scanner in Pairing Mode**",
        "[CODE] Same as iPad: | - Hold trigger + power button for 3 seconds | - LED flashes blue rapidly | - Scanner ready to pair",
        "**Step 4: Pair on Android**",
        "[CODE] 1. Scanner appears in \"Available devices\" |    - Shows as \"Netum C7340\" or similar |  | 2. Tap device name |  | 3. Pairing request appears |    - May ask for PIN |    - Try: 0000, 1234, or 000000 |    - Or scan the PIN barcode from manual |  | 4. Tap \"Pair\" |  | 5. Status changes to \"Connected\" |  | 6. Device appears in \"Paired devices\" list",
        "**Step 5: Set as Input Method (Android-specific)**",
        "[CODE] Some Android apps require this: |  | 1. Settings > System > Languages & input | 2. Physical keyboard | 3. Look for \"Netum C7340\" or \"Bluetooth Scanner\" | 4. Toggle ON | 5. Set as default input (if option available) |  | This tells Android to treat scanner as keyboard",
        "**Step 6: Test and Use**",
        "[CODE] Same as iPad - test in Notes, then Tecsys app"
      ]
    },
    {
      "number": 25,
      "title": "Switching Scanners (Reassigning to Different Device)",
      "bullets": [
        "**Scenario: Scanner was paired to User A's iPad, now need on User B's Android**",
        "**Step 1: Unpair from Old Device**",
        "[CODE] On User A's iPad: | 1. Settings > Bluetooth | 2. Find \"Netum C7340\" in device list | 3. Tap (i) info icon next to it | 4. Tap \"Forget This Device\" | 5. Confirm | 6. Scanner removed from iPad",
        "**Step 2: Reset Scanner**",
        "[CODE] Hold power button 5 seconds | Scanner resets to pairing mode | LED flashes blue | Ready for new device",
        "**Step 3: Pair to New Device**",
        "[CODE] Follow pairing procedure for User B's Android | (See \"Method 2: Connecting to Android\" above)"
      ]
    },
    {
      "number": 26,
      "title": "Connecting Scanner for First Time (New Scanner Out of Box)",
      "bullets": [
        "**First-time setup is same as above, but:**",
        "[CODE] 1. Charge scanner fully before first use (2-3 hours) |    - Plug USB cable into scanner |    - Connect to USB power adapter or computer |    - LED shows red while charging |    - LED shows green when fully charged |  | 2. Read quick start guide in box |    - Has important barcode labels |    - You'll need these for pairing codes |  | 3. Scanner comes in HID mode by default |    - Should work immediately after pairing |    - If not, scan HID Mode barcode from manual |  | 4. Save the manual |    -"
      ]
    },
    {
      "number": 27,
      "title": "Troubleshooting Scanner Connection Issues",
      "bullets": [
        "**Problem 1: Scanner Won't Enter Pairing Mode**",
        "Hold power button, nothing happens",
        "Or LED doesn't flash blue",
        "[CODE] Try 1: Charge the scanner | - Battery may be dead | - Charge for 30 minutes | - Try pairing again |  | Try 2: Hard reset | - Hold power button 10 seconds (long press) | - Scanner turns completely off | - Wait 5 seconds | - Turn back on | - Try pairing again |  | Try 3: Factory reset | - In the manual, find \"Factory Reset\" barcode | - Scan it with the scanner | - Scanner beeps and resets to default settings | - Try pairing from scratch",
        "**Problem 2: Device Sees Scanner But Won't Pair**",
        "Scanner appears in Bluetooth list",
        "Tap to connect",
        "\"Pairing failed\" or \"Connection unsuccessful\"",
        "[CODE] Fix 1: Wrong pairing code | - Default codes: 0000, 1234, 000000 | - Scan each code barcode from manual until one works | - Some devices auto-detect code, others need you to scan |  | Fix 2: Scanner paired to another device | - Scanner can only pair to ONE device at a time | - Check if connected to different iPad/phone | - Unpair from that device first | - Try pairing again |  | Fix 3: Bluetooth cache issue (Android) | - Settings > Apps > Bluetooth | - Storage > Clear Cache | - Back to Bluetooth ",
        "**Problem 3: Scanner Paired But Doesn't Scan**",
        "Bluetooth shows \"Connected\"",
        "Trigger scanner",
        "Scanner beeps/lights up",
        "But nothing appears on screen",
        "[CODE] Fix 1: Wrong mode (SPP instead of HID) | - Scanner must be in HID mode for most apps | - In manual, find \"HID Mode\" barcode | - Scan it | - Scanner beeps twice | - Try scanning barcode again |  | Fix 2: Input method not enabled (Android) | - Settings > Languages & input > Physical keyboard | - Enable Netum scanner | - Try again |  | Fix 3: App doesn't support Bluetooth scanner | - Some apps require specific scanner models | - Check Tecsys app documentation | - May need different scanner | - Or u",
        "**Problem 4: Scanner Disconnects Frequently**",
        "Scanner works, then randomly disconnects",
        "Need to re-pair multiple times per shift",
        "Bluetooth shows \"Not connected\"",
        "[CODE] Fix 1: Low battery | - Scanner battery drains = disconnects | - Check battery level (if scanner has indicator) | - Charge scanner | - If battery drains quickly: Battery may be dying | - Contact supplier for replacement battery |  | Fix 2: Distance from device | - Bluetooth range: ~30 feet | - Scanner works best within 10 feet | - Keep iPad/Android nearby or on belt | - Don't leave device in office while using scanner in warehouse |  | Fix 3: Interference | - WiFi routers, microwaves, other Bluet",
        "**Problem 5: Scanner Scans Wrong Characters**",
        "Scan barcode \"ABC123\"",
        "Screen shows \"!@#$%^\" or garbled text",
        "Or shows \"ABC123\" but adds extra characters",
        "[CODE] Fix 1: Wrong barcode symbology | - Scanner set to wrong barcode type | - In manual: Find \"Code 128\" or \"UPC/EAN\" barcodes | - Scan the correct symbology for your barcodes | - Try scanning test barcode again |  | Fix 2: Keyboard language mismatch | - Scanner sends keyboard codes | - iPad/Android interprets based on keyboard language | - If language set wrong: Wrong characters appear | - Settings > Keyboard > Language | - Set to English (US) or appropriate language | - Try again |  | Fix 3: Suffix",
        "**Problem 6: Scanner Won't Charge**",
        "Plug in USB cable",
        "LED doesn't light up red",
        "Scanner doesn't charge",
        "[CODE] Fix 1: Check cable | - Try different USB cable | - Micro-USB or USB-C depending on model | - Check for damage/bent pins |  | Fix 2: Check power source | - Try different USB port | - Try wall adapter instead of computer | - Some ports don't provide enough power |  | Fix 3: Clean charging port | - Dust/debris in scanner charging port | - Use compressed air to clean | - Don't use metal objects (damage port) |  | Fix 4: Battery dead dead | - If battery completely drained: May take 10-15 min to show "
      ]
    },
    {
      "number": 28,
      "title": "Quick Reference: Common Barcode Configurations",
      "bullets": [
        "**From Netum C7340 Manual - Keep these handy:**",
        "**Pairing Codes (Scan these when pairing):**",
        "0000",
        "1234",
        "000000",
        "**Connection Modes:**",
        "**HID Mode** (Keyboard mode) - Use this for most apps",
        "**SPP Mode** (Serial mode) - Advanced, only if HID doesn't work",
        "**Useful Settings:**",
        "**No Suffix** - Stops adding Enter/Tab after scan",
        "**No Prefix** - Stops adding characters before scan",
        "**Factory Reset** - Resets all settings to default",
        "**Beep Volume High/Low** - Adjust scan confirmation sound",
        "**Barcode Symbologies:**",
        "**Code 128** - Most common in warehouses",
        "**UPC/EAN** - Retail products",
        "**Code 39** - Some industrial uses",
        "**Enable All** - If not sure which barcode type"
      ]
    },
    {
      "number": 29,
      "title": "Scanner Maintenance",
      "bullets": [
        "**Daily:**",
        "[ ] Charge scanner overnight",
        "[ ] Wipe scanner lens with microfiber cloth",
        "[ ] Check for physical damage",
        "**Weekly:**",
        "[ ] Clean charging port (compressed air)",
        "[ ] Test scan range (should work up to 12 inches)",
        "[ ] Verify connection stable",
        "**Monthly:**",
        "[ ] Check battery life (if drains in <6 hours, may need replacement)",
        "[ ] Update firmware (check Netum website)",
        "[ ] Replace if damage beyond repair"
      ]
    },
    {
      "number": 30,
      "title": "When to Escalate to IT",
      "bullets": [
        "**Try all troubleshooting above first. Escalate if:**",
        "Scanner won't pair after factory reset",
        "Multiple scanners having same issue (system problem)",
        "Scanner pairs but Tecsys app doesn't recognize it",
        "Need firmware update (requires PC connection)",
        "Hardware damage (broken trigger, cracked screen)",
        "Battery replacement needed",
        "Scanner model: Netum C7340",
        "Device type: iPad or Android (model/version)",
        "Error message (exact wording)",
        "What you've tried already",
        "When problem started"
      ]
    },
    {
      "number": 31,
      "title": "Quick Start Poster (Print and Laminate)",
      "bullets": [
        "[CODE] NETUM C7340 SCANNER - QUICK SETUP |  | 1. CHARGE scanner (2 hours first time) | 2. TURN ON (hold power 3 seconds) | 3. PAIR to iPad/Android: |    - iPad: Settings > Bluetooth > Pair |    - Android: Settings > Connected Devices > Pair new device | 4. SCAN pairing code (0000 or 1234) | 5. TEST in Notes app | 6. USE in Tecsys app |  | TROUBLESHOOTING: | - Won't pair? → Charge scanner, restart device | - Won't scan? → Set to HID mode | - Wrong characters? → Check keyboard language | - Disconnects? →",
        "**Document Version**: 1.0 | February 2026",
        "**For Questions**: Contact IT Support or Warehouse Supervisor"
      ]
    }
  ]
}