{
  "doc_title": "Tecsys Inventory Accuracy Procedures",
  "module": "Inventory",
  "version": "V1",
  "total_slides": 12,
  "slides": [
    {
      "number": 0,
      "title": "Tecsys Inventory Accuracy Procedures",
      "bullets": [
        "Walter Surface Technologies",
        "Module: Inventory",
        "Version 1.0 | February 2026"
      ]
    },
    {
      "number": 1,
      "title": "TECSYS WMS",
      "bullets": []
    },
    {
      "number": 2,
      "title": "Inventory Accuracy Procedures",
      "bullets": [
        "**Walter Surface Technologies**",
        "**Version 1.0 | February 2026**"
      ]
    },
    {
      "number": 3,
      "title": "Table of Contents",
      "bullets": [
        "1. [Overview](#overview)",
        "2. [Cycle Counting in Tecsys](#cycle-counting)",
        "3. [Investigating Discrepancies](#investigating-discrepancies)",
        "4. [Making Inventory Adjustments](#making-adjustments)",
        "5. [Preventing Future Discrepancies](#prevention)"
      ]
    },
    {
      "number": 4,
      "title": "Overview",
      "bullets": [
        "Inventory accuracy is critical to warehouse operations. This guide provides step-by-step procedures for maintaining accurate inventory in Tecsys WMS.",
        "**Key Performance Target**: 98%+ inventory accuracy",
        "**Your Role**: Whether you're a cycle counter, receiver, picker, or supervisor, you play a part in maintaining inventory accuracy."
      ]
    },
    {
      "number": 5,
      "title": "1. Cycle Counting in Tecsys",
      "bullets": [
        "**1.1 Planned Cycle Count Creation**",
        "**Who**: Supervisor or Inventory Control",
        "**When**: As scheduled or when accuracy issues detected",
        "**Tool**: Desktop computer",
        "1. Navigate to **Inventory Management** → **Cycle Count Management**",
        "2. Click **New** to create a new cycle count order",
        "3. The next available cycle count order number displays",
        "Change if desired (must be unique)",
        "Click **Continue**",
        "4. In the General section, choose **Task Assignment**:",
        "**Conventional**: Paper-based list",
        "**RF**: Mobile device (recommended)",
        "5. Specify the cycle count scope using ONE of these options:",
        "**Option A: By Location**",
        "Enter Starting Location and End Location",
        "System creates counts for all locations in range",
        "**Option B: By Item**",
        "Enter Starting Item and End Item",
        "System creates counts for all locations containing these items",
        "If Start and End Items are identical, only locations with that item are counted",
        "6. Set additional parameters:",
        "Count Type (full, partial, etc.)",
        "Priority",
        "Due Date",
        "8. **Release the Count**:",
        "Go back to Cycle Count Management",
        "Find your count order",
        "Select it and click **Release** action",
        "Count is now active and assigned",
        "**Note**: Before releasing, you can edit or cancel. After releasing, you can only cancel (not edit).",
        "**1.2 Performing Cycle Counts (Mobile Device)**",
        "**Who**: Cycle Counter",
        "**When**: As assigned",
        "1. **Log into RF Scanner**",
        "Enter your username and password",
        "Select your warehouse",
        "2. **Access Cycle Count**",
        "Select **Inventory** resource",
        "Under Inventory, click **Cycle Count**",
        "3. **Choose Count Method**:",
        "**System-Directed**: System assigns next location",
        "**By Section**: Count specific section",
        "**By Area**: Count specific area",
        "**By Location**: Count specific location",
        "Scan the location barcode",
        "OR enter location manually",
        "5. **System Shows Expected Inventory**",
        "Item number",
        "Expected quantity",
        "Unit of measure",
        "6. **Count Physical Inventory**",
        "Count carefully",
        "Verify item number matches",
        "Enter quantity found",
        "7. **If Discrepancy Exists**:",
        "System prompts for confirmation",
        "Recount carefully",
        "Enter actual quantity again",
        "Click **Continue**",
        "8. **If No Discrepancy**:",
        "Click **Continue**",
        "Move to next item/location",
        "9. **Complete Count**",
        "Continue until all assigned items counted",
        "System confirms completion",
        "**1.3 Approving Cycle Count Variances**",
        "**Who**: Supervisor or Manager",
        "**When**: When count has variances requiring approval",
        "**Tool**: Desktop computer",
        "1. Navigate to **Inventory Management** → **Cycle Count Management**",
        "2. Search for counts with status **\"Approval Required\"**",
        "3. Select the count order",
        "Item number",
        "Location",
        "Expected quantity",
        "Counted quantity",
        "Variance",
        "5. Investigate if needed (see Section 2)",
        "6. **Approve or Reject**:",
        "If variance is legitimate: **Approve**",
        "If count appears incorrect: **Reject** (requires recount)",
        "7. Once approved, system adjusts inventory automatically",
        "**Note**: Some warehouse areas require approval for ANY variance. Others may auto-approve small variances."
      ]
    },
    {
      "number": 6,
      "title": "2. Investigating Discrepancies",
      "bullets": [
        "**2.1 When to Investigate**",
        "**Investigate immediately when**:",
        "Variance is more than 5% or 10 units (whichever is less)",
        "High-value items (>$500)",
        "Customer orders pending for the item",
        "Repeated variances at same location",
        "Any variance in hazmat or controlled items",
        "**2.2 Investigation Steps**",
        "**Step 1: Verify the Physical Count**",
        "Recount the location personally",
        "Check all storage positions (top shelf, bottom, behind other items)",
        "Look in staging areas, damage bins, returns area",
        "Verify item number on physical units matches system",
        "**Step 2: Check for Holds**",
        "Navigate to **Inventory Inquiry**",
        "Enter item number and location",
        "Check **Hold Status** column",
        "Items on hold (Quality, Damage, etc.) show in system but aren't available",
        "**Step 3: Review Recent Transactions**",
        "In Inventory Inquiry, click **View Transactions**",
        "Review last 7 days of activity:",
        "Receives",
        "Picks",
        "Moves",
        "Adjustments",
        "Look for:",
        "Unreleased transactions",
        "Partial picks",
        "Move tasks not completed",
        "**Step 4: Check Other Locations**",
        "Search for item across all locations",
        "Item may have been:",
        "Put away to wrong location",
        "Moved but not confirmed",
        "Allocated to different location",
        "**Step 5: Verify Unit of Measure**",
        "Confirm counting in correct UOM",
        "Example: System shows \"Cases\" but you counted \"Eaches\"",
        "Check UOM conversion:",
        "1 Case = 12 Eaches",
        "If you counted 24 eaches, system expects 2 cases",
        "**Step 6: Look for Common Errors**",
        "Similar item numbers (123456 vs 123465)",
        "Item in packaging vs loose",
        "Partial pallets",
        "Items between locations (in aisles, staging)",
        "**2.3 Documenting Your Investigation**",
        "**Record the following**:",
        "Date and time of investigation",
        "Item number and location",
        "System quantity vs physical count",
        "Findings (what you discovered)",
        "Root cause (if identified)",
        "Photos (if applicable)",
        "Names of people involved",
        "**Report to supervisor with**:",
        "Completed investigation form",
        "Recommended action (adjust inventory, retrain staff, fix process, etc.)"
      ]
    },
    {
      "number": 7,
      "title": "3. Making Inventory Adjustments",
      "bullets": [
        "**3.1 When Adjustments Are Needed**",
        "**Valid reasons for adjustment**:",
        "Cycle count variance (approved)",
        "Physical damage discovered",
        "Found inventory (items in wrong location)",
        "Receiving discrepancy",
        "Picking error correction",
        "Return to vendor",
        "Customer return received",
        "Loss/theft discovered",
        "Expiration/obsolescence",
        "**Invalid reasons** (these require investigation first):",
        "\"Just to make it match\"",
        "Convenience",
        "Guessing",
        "Making up for earlier errors",
        "**3.2 Creating an Inventory Adjustment**",
        "**Who**: Supervisor or authorized user",
        "**When**: After investigation and approval",
        "**Tool**: Desktop computer",
        "1. Navigate to **Inventory Management** → **Inventory Adjustments**",
        "2. Click **New Adjustment**",
        "3. Enter **Item Information**:",
        "Item number (scan or type)",
        "Location",
        "Lot/Serial number (if applicable)",
        "4. Enter **Adjustment Details**:",
        "Current quantity (system shows this)",
        "New quantity (what it should be)",
        "Variance calculates automatically",
        "5. **Select Reason Code** (required):",
        "**CC_VAR**: Cycle count variance",
        "**DAMAGE**: Physical damage",
        "**FOUND**: Found inventory",
        "**RTV**: Return to vendor",
        "**STOLEN**: Loss/theft",
        "**EXPIRED**: Expired product",
        "**RECV_ERR**: Receiving error correction",
        "**PICK_ERR**: Picking error correction",
        "Other codes as configured",
        "6. Enter **Notes** (required for variances >10 units):",
        "Explain what happened",
        "Reference investigation",
        "Include any corrective actions",
        "7. **Approval** (if required):",
        "Large adjustments may require manager approval",
        "System routes to approver automatically",
        "You'll receive notification when approved/rejected",
        "9. System adjusts inventory immediately (if no approval needed) or after approval",
        "**3.3 Adjustment Reason Code Guide**",
        "[TABLE] Code | Use When | Requires Approval?",
        "[TABLE] CC_VAR | Cycle count found discrepancy | >10 units",
        "[TABLE] DAMAGE | Item physically damaged | Always",
        "[TABLE] FOUND | Found inventory in wrong location | >20 units",
        "[TABLE] MISSING | Item missing, suspected theft | Always",
        "[TABLE] RECV_ERR | Receiving error discovered | >5 units",
        "[TABLE] PICK_ERR | Picking error discovered | >5 units",
        "[TABLE] RTV | Returning item to vendor | Always",
        "[TABLE] CUST_RET | Customer return (use Returns process instead) | N/A",
        "[TABLE] EXPIRED | Product expired or obsolete | Always",
        "[TABLE] RECLASS | Item reclassified | Always",
        "Use most specific code available",
        "When in doubt, ask supervisor",
        "Never use adjustment to hide errors - always investigate",
        "**3.4 Viewing Adjustment History**",
        "**To see all adjustments for an item**:",
        "1. Navigate to **Inventory Inquiry**",
        "3. Click **View Transactions**",
        "4. Filter by **Transaction Type** → **Adjustment**",
        "Date/time",
        "User who made adjustment",
        "Reason code",
        "Quantity changed",
        "Notes",
        "**Red flags to watch for**:",
        "Same item adjusted repeatedly",
        "Large adjustments without notes",
        "Adjustments always in same direction (always adding or always subtracting)",
        "Adjustments made shortly before month-end",
        "Same user making many adjustments",
        "Report suspicious patterns to supervisor."
      ]
    },
    {
      "number": 8,
      "title": "4. Preventing Future Discrepancies",
      "bullets": [
        "**4.1 Root Cause Analysis**",
        "After fixing a discrepancy, identify the root cause:",
        "**Common Root Causes**:",
        "1. **Process Issues**:",
        "Picks not confirmed in system",
        "Receives not completed properly",
        "Moves started but not finished",
        "2. **Training Issues**:",
        "Users don't understand UOM conversions",
        "Incorrect scanning procedures",
        "Not following putaway locations",
        "3. **System Issues**:",
        "Location labels missing or damaged",
        "Item barcodes unreadable",
        "System defaults incorrect",
        "4. **Physical Issues**:",
        "Items in wrong locations",
        "Inventory between locations (in aisles)",
        "Damage not reported",
        "5. **Intentional Issues**:",
        "Theft",
        "Shortcuts being taken",
        "Workarounds instead of proper procedures",
        "**4.2 Corrective Actions by Root Cause**",
        "[TABLE] Root Cause | Corrective Action | Responsibility",
        "[TABLE] Process not followed | Retrain user(s) | Supervisor",
        "[TABLE] Process unclear | Update SOP | Manager",
        "[TABLE] Labels damaged/missing | Replace labels | Facilities",
        "[TABLE] System setup wrong | Fix configuration | IT/Admin",
        "[TABLE] Physical location issue | Reorganize area | Supervisor",
        "[TABLE] Theft suspected | Investigate, camera review | Manager/Security",
        "[TABLE] Repeated user errors | Performance coaching | Supervisor",
        "**4.3 Best Practices for Inventory Accuracy**",
        "Count received items carefully before confirming",
        "Enter correct location when putting away",
        "Report damaged items immediately (don't hide them)",
        "Verify item numbers match PO",
        "Complete receipt in system same day",
        "Confirm picks in system immediately after picking",
        "Report short picks through RF scanner (don't skip)",
        "Put items back if not needed (don't leave in aisles)",
        "Verify item numbers before picking",
        "Complete all tasks (don't abandon halfway)",
        "**For Cycle Counters**:",
        "Count carefully and accurately",
        "Don't rush counts to meet quotas",
        "Report all findings, even if they slow you down",
        "Verify item numbers match location",
        "Recount if something seems wrong",
        "Review cycle count results daily",
        "Investigate all significant variances",
        "Trend analysis - look for patterns",
        "Address root causes, not just symptoms",
        "Recognize and reward accuracy",
        "Enter data in real-time (not end of shift)",
        "Report damaged labels immediately",
        "Put items in assigned locations only",
        "Don't create workarounds",
        "Ask questions if unsure",
        "**4.4 Accuracy Metrics to Track**",
        "1. **Overall Inventory Accuracy**: (Locations with correct quantity / Total locations counted) × 100",
        "Target: >98%",
        "2. **Value Accuracy**: ($ of correct inventory / Total $ counted) × 100",
        "Target: >99.5%",
        "3. **Variance by Root Cause**: Track which issues cause most errors",
        "4. **Accuracy by Area**: Identify problem areas",
        "5. **Accuracy by User**: Identify training needs",
        "**Review Frequency**:",
        "Daily: Large variances (>$500 or >50 units)",
        "Weekly: Overall accuracy trends",
        "Monthly: Root cause analysis and corrective actions"
      ]
    },
    {
      "number": 9,
      "title": "5. Quality Holds and Special Handling",
      "bullets": [
        "**5.1 Placing Items on Hold**",
        "**When to use holds**:",
        "Item damaged upon receipt",
        "Quality issue discovered",
        "Item recalled by manufacturer",
        "Expiration date approaching",
        "Customer return pending inspection",
        "Investigation in progress",
        "**Steps to Place Hold**:",
        "1. Navigate to **Inventory Management** → **Inventory Holds**",
        "2. Click **New Hold**",
        "Item number",
        "Location",
        "Quantity to hold",
        "Hold Code:",
        "**QC**: Quality check required",
        "**DAMAGE**: Damaged goods",
        "**RECALL**: Manufacturer recall",
        "**CUST**: Customer hold/inspection",
        "**EXPIRING**: Near expiration",
        "4. Enter **Notes**: Explain reason for hold",
        "6. Item remains in system quantity but becomes unavailable for picking",
        "**Releasing from Hold**:",
        "1. Find the hold in Inventory Holds screen",
        "2. Investigate/inspect the item",
        "**Release**: Remove hold, item becomes available",
        "**Adjust**: Create adjustment with reason code (DAMAGE, etc.)",
        "**RTV**: Process return to vendor",
        "4. Update hold with resolution notes",
        "5. Complete the action",
        "**5.2 Lot and Serial Number Tracking**",
        "**For lot-tracked items**:",
        "Lot number must be recorded at receiving",
        "System enforces FIFO (First In, First Out)",
        "Cycle counts must verify lot numbers match",
        "Cannot pick from a lot different than allocated",
        "**For serial-tracked items**:",
        "Each unit has unique serial number",
        "Must scan/enter serial at receiving",
        "Must scan/enter serial when picking",
        "Cycle counts must verify serial numbers",
        "Cannot pick wrong serial number",
        "**Special Procedures**:",
        "1. **Receiving Lot/Serial Items**:",
        "After scanning item, system prompts for lot/serial",
        "Enter or scan the lot/serial number",
        "Verify expiration date (for lot items)",
        "System validates format",
        "2. **Cycle Counting Lot/Serial Items**:",
        "Count quantities by lot/serial",
        "System lists expected lot/serial numbers",
        "Report if lot/serial found but not expected",
        "Report if expected lot/serial not found",
        "3. **Adjusting Lot/Serial Items**:",
        "Must specify which lot/serial is being adjusted",
        "Cannot do blanket adjustments",
        "Each lot/serial is a separate line"
      ]
    },
    {
      "number": 10,
      "title": "Summary Checklist",
      "bullets": [
        "[ ] Complete assigned cycle counts",
        "[ ] Investigate variances > threshold",
        "[ ] Report damaged labels",
        "[ ] Review pending adjustments",
        "[ ] Review accuracy metrics",
        "[ ] Identify problem areas/items",
        "[ ] Follow up on corrective actions",
        "[ ] Train new procedures if needed",
        "[ ] Analyze root causes",
        "[ ] Update procedures based on findings",
        "[ ] Recognize high performers",
        "[ ] Coach low performers"
      ]
    },
    {
      "number": 11,
      "title": "Appendix: Common Scenarios",
      "bullets": [
        "**Scenario 1: Cycle Count Shows Item But Location is Empty**",
        "1. Search all nearby locations",
        "2. Check staging, damage, returns areas",
        "3. Review recent picks from that location",
        "4. Check if item on hold",
        "5. Investigate last few transactions",
        "6. Create adjustment if truly missing (use MISSING code)",
        "**Scenario 2: Found Item Not in System**",
        "1. Scan item barcode to verify item number",
        "2. Search system for that item in any location",
        "3. If item exists but wrong location:",
        "Create inventory move",
        "OR adjust from found location and to correct location",
        "4. If item doesn't exist in system at all:",
        "Contact supervisor (may be old item, return, etc.)",
        "**Scenario 3: Quantity Correct But Wrong Lot Number**",
        "1. Verify lot number on physical item",
        "2. Check if that lot number exists in another location",
        "3. Create adjustment:",
        "Subtract wrong lot",
        "Add correct lot",
        "4. Investigate how item got in wrong location",
        "**Scenario 4: High-Value Item Variance**",
        "1. DO NOT adjust immediately",
        "2. Perform extensive investigation:",
        "Recount multiple times",
        "Review all transactions",
        "Check security cameras if available",
        "Interview staff who handled item",
        "3. Document everything",
        "4. Escalate to manager",
        "5. Only adjust after full investigation and approval",
        "**For Questions or Assistance**:",
        "Contact your Supervisor or Inventory Control Team",
        "**Document Version**: 1.0 | February 2026",
        "**Next Review**: August 2026"
      ]
    }
  ]
}