[
  {
    "doc_title": "Tecsys Inventory Accuracy Procedures",
    "module": "Inventory",
    "version": "V1",
    "file_path": "Tecsys_Inventory_Accuracy_Procedures.json",
    "description": "Complete procedures for cycle counting, inventory adjustments, investigating discrepancies, and preventing future accuracy issues",
    "topics": [
      "Cycle Counting",
      "Inventory Adjustments",
      "Discrepancy Investigation",
      "Quality Holds",
      "Lot/Serial Tracking",
      "KPIs and Metrics"
    ],
    "total_slides": 12
  },
  {
    "doc_title": "Tecsys Exception Handling Playbook",
    "module": "Operations",
    "version": "V1",
    "file_path": "Tecsys_Exception_Handling_Playbook.json",
    "description": "22 exception scenarios with step-by-step Tecsys procedures for receiving, picking, shipping, inventory, and customer returns",
    "topics": [
      "Receiving Exceptions",
      "Picking Exceptions",
      "Shipping Exceptions",
      "Inventory Exceptions",
      "Customer Returns",
      "Escalation Procedures"
    ],
    "total_slides": 12
  },
  {
    "doc_title": "Tecsys Advanced Troubleshooting Guide",
    "module": "Admin",
    "version": "V1",
    "file_path": "Tecsys_Advanced_Troubleshooting_Guide.json",
    "description": "System-level troubleshooting for administrators, power users, and IT support covering data sync, performance, permissions, and wave/allocation issues",
    "topics": [
      "Data Sync Issues",
      "Stuck Transactions",
      "Performance Problems",
      "User Permissions",
      "Batch Jobs",
      "Wave Planning",
      "Allocation Failures"
    ],
    "total_slides": 6
  },
  {
    "doc_title": "Tecsys Day-to-Day Troubleshooting",
    "module": "Operations",
    "version": "V1",
    "file_path": "Tecsys_Day_to_Day_Troubleshooting.json",
    "description": "Quick-reference troubleshooting for supervisors covering the 10 most common daily issues with urgency indicators and time estimates",
    "topics": [
      "No Tasks on Scanner",
      "Wave Won't Release",
      "Negative Inventory",
      "Scanner Disconnecting",
      "Wrong Label Data",
      "User Locked Out",
      "Count Mismatch",
      "Daily Checklists"
    ],
    "total_slides": 13
  },
  {
    "doc_title": "Tecsys Specialized Troubleshooting",
    "module": "Operations",
    "version": "V1",
    "file_path": "Tecsys_Specialized_Troubleshooting.json",
    "description": "Specialized procedures for multi-box shipping, ghost inventory detection/prevention, picker discrepancy handling, and Netum C7340 scanner setup",
    "topics": [
      "Multi-Box Shipments",
      "Container Build Process",
      "Ghost Inventory Detection",
      "Ghost Inventory Prevention",
      "Picker Best Practices",
      "Netum C7340 Scanner Setup",
      "Scanner Troubleshooting",
      "Bluetooth Pairing"
    ],
    "total_slides": 32
  }
]
