{
  "doc_title": "Tecsys Advanced Troubleshooting Guide",
  "module": "Admin",
  "version": "V1",
  "total_slides": 6,
  "slides": [
    {
      "number": 0,
      "title": "Tecsys Advanced Troubleshooting Guide",
      "bullets": [
        "Walter Surface Technologies",
        "Module: Admin",
        "Version 1.0 | February 2026"
      ]
    },
    {
      "number": 1,
      "title": "TECSYS WMS ADVANCED TROUBLESHOOTING GUIDE",
      "bullets": []
    },
    {
      "number": 2,
      "title": "For Supervisors, Power Users, and System Administrators",
      "bullets": [
        "**Version 1.0 | February 2026**"
      ]
    },
    {
      "number": 3,
      "title": "Table of Contents",
      "bullets": [
        "**SYSTEM-LEVEL TROUBLESHOOTING**",
        "1. [Data Not Syncing Between Tecsys and ERP](#data-sync)",
        "2. [Transactions Stuck in Pending Status](#stuck-transactions)",
        "3. [Performance Degradation During Peak Hours](#performance)",
        "4. [User Permissions Issues](#permissions)",
        "5. [Batch Jobs Failed Overnight](#batch-jobs)",
        "**WAVE & ALLOCATION TROUBLESHOOTING**",
        "6. [Wave Shows \"Scheduled for Planning\" Forever](#wave-stuck-planning)",
        "7. [Allocation Failures - Orders Can't Be Allocated](#allocation-failures)",
        "8. [Wave Partially Released (Some Tasks Missing)](#partial-wave)",
        "9. [Orphaned Pick Tasks](#orphaned-tasks)",
        "10. [Can't Cancel Wave - System Won't Allow](#cannot-cancel-wave)",
        "**INVENTORY INTEGRITY ISSUES**",
        "11. [Negative Inventory](#negative-inventory)",
        "12. [Inventory Locked by Phantom Transaction](#locked-inventory)",
        "13. [Lot Numbers Mixed Up](#lot-number-mix)",
        "14. [Location Shows Full But Appears Empty](#ghost-inventory)",
        "15. [Available Quantity Doesn't Match Reality](#availability-mismatch)",
        "**RF SCANNER & MOBILE ISSUES**",
        "16. [Scanner Reads Wrong Data](#scanner-wrong-data)",
        "17. [Tasks Don't Appear on RF Device](#tasks-not-appearing)",
        "18. [User Can't Access Certain Resources on Mobile](#mobile-access)",
        "19. [Data Entry Lag on RF Scanner](#rf-lag)",
        "**INTEGRATION & INTERFACE ISSUES**",
        "20. [Staging Table Errors Won't Clear](#staging-wont-clear)",
        "21. [Labels Print with Wrong Data](#wrong-label-data)",
        "22. [Shipping Integration Down](#shipping-integration)",
        "23. [EDI Transmission Failures](#edi-failures)",
        "**DATABASE & SYSTEM ADMINISTRATION**",
        "24. [System Slow for Specific Users](#user-specific-slow)",
        "25. [Reports Not Generating](#reports-fail)",
        "26. [Audit Trail Missing](#audit-trail)",
        "27. [Session Timeouts Too Frequent](#timeout-issues)"
      ]
    },
    {
      "number": 4,
      "title": "SYSTEM-LEVEL TROUBLESHOOTING",
      "bullets": [
        "**1. Data Not Syncing Between Tecsys and ERP**",
        "Orders appear in ERP but not in Tecsys WMS",
        "Inventory counts different between systems",
        "Customer data doesn't update",
        "Price changes don't flow through",
        "POs created but receivers don't appear",
        "1. **Interface/Middleware Down**",
        "2. **Staging Table Errors**",
        "3. **Batch Process Failed**",
        "4. **Data Format Mismatch**",
        "5. **Timing Issues (Sync Schedule Off)**",
        "**Diagnostic Steps**:",
        "**Step 1: Check Interface Status**",
        "[CODE] Location: System Administration > Interface Monitor | Look for: Connection status, last successful sync time | Red flags: \"Disconnected\", \"Error\", sync time > 2 hours ago",
        "**Step 2: Review Staging Tables**",
        "[CODE] Navigate to: Outbound > Staging Table Summary | Check: \"In Error\" column | Action: Click error count to see details | Common errors: |   - Invalid address format |   - Missing required fields   |   - Item not in Tecsys |   - Invalid ship-to location",
        "**Step 3: Check Batch Job Logs**",
        "[CODE] Location: System Administration > Batch Job Monitor | Review: Last run time, status, error messages | Look for: Jobs with \"Failed\" or \"Partial\" status | Typical jobs:  |   - Order Import (every 5-15 minutes) |   - Inventory Sync (every 30 minutes) |   - Price Update (daily) |   - Item Master Sync (hourly)",
        "**Fixes by Root Cause**:",
        "**If Interface Down**:",
        "1. Contact IT/Integration team immediately",
        "2. Check network connectivity",
        "3. Verify ERP system is running",
        "4. Restart middleware service (if authorized)",
        "5. Check firewall/security settings",
        "**If Staging Table Errors**:",
        "1. Identify error pattern (address, item, customer)",
        "2. Fix data at source (ERP or Tecsys)",
        "3. Reprocess staging records:",
        "[CODE]    Select errored records |    Click \"Reprocess\" action |    Monitor for success",
        "4. If error persists, may need IT to modify interface mapping",
        "**If Batch Job Failed**:",
        "1. Review error log for specific failure",
        "Disk space full: Clear temp files",
        "Database connection timeout: Restart database service",
        "Permission error: Verify service account permissions",
        "3. Manually re-run failed job:",
        "[CODE]    Navigate to Batch Job Monitor |    Select failed job |    Click \"Run Now\" (if available)",
        "4. If job continues failing, escalate to IT",
        "**If Data Format Mismatch**:",
        "Example: ERP sends ZIP code with dash (12345-6789), Tecsys expects no dash",
        "Fix requires interface mapping update",
        "Temporary workaround: Manual data correction",
        "Long-term: IT updates interface transformation rules",
        "Set up automated alerts for interface failures",
        "Monitor staging table errors daily",
        "Schedule regular batch job review",
        "Document known data format requirements",
        "Test interface after any ERP or Tecsys upgrades",
        "**2. Transactions Stuck in Pending Status**",
        "Receipts show \"pending\" for hours/days",
        "Picks completed but not confirmed",
        "Adjustments not applied",
        "Inventory movements not finalized",
        "**What \"Pending\" Means**:",
        "Transaction is saved in Tecsys but not yet committed to database. Usually processes within seconds to minutes. If stuck >1 hour, there's a problem.",
        "**Diagnostic Steps**:",
        "**Step 1: Identify Stuck Transactions**",
        "[CODE] Navigate to: Inventory Management > Transaction History | Filter by: Status = \"Pending\", Date Range | Look for: Transactions older than expected",
        "**Step 2: Check for Locks**",
        "[CODE] System Administration > Active Sessions | Look for: Long-running sessions | Check: If locked by another user or process",
        "**Step 3: Review System Load**",
        "[CODE] System Administration > System Monitor | Check: CPU usage, memory, database connections | Red flags: >80% CPU, >90% memory, max connections reached",
        "**Root Causes & Fixes**:",
        "**Cause 1: User Session Didn't Close Properly**",
        "User RF scanner lost connection mid-transaction",
        "Browser crashed during desktop transaction",
        "User logged out before confirming",
        "[CODE] 1. Find the pending transaction | 2. Identify associated session | 3. If session still active: Contact user to complete | 4. If session inactive: Supervisor can force-complete or cancel | 5. Navigate to transaction detail | 6. Click \"Force Complete\" or \"Cancel Transaction\" | 7. Confirm action",
        "**Cause 2: Database Lock**",
        "Another transaction is locking the same inventory",
        "System waiting for lock to clear",
        "[CODE] 1. Identify the locking transaction | 2. Complete or cancel the blocking transaction first | 3. Pending transaction will then process automatically | 4. If lock is orphaned (no active transaction): |    - Escalate to IT/DBA |    - May need to clear database lock manually",
        "**Cause 3: Validation Failure**",
        "Transaction waiting for approval",
        "Validation rule not met",
        "[CODE] 1. Review transaction details for validation errors | 2. Common issues: |    - Quantity exceeds threshold (needs approval) |    - Location not valid |    - Item on hold | 3. Obtain required approval or fix validation issue | 4. Transaction will auto-complete once validated",
        "**Cause 4: System Performance**",
        "System overloaded, processing queue backed up",
        "[CODE] 1. Check system monitor (CPU, memory, database) | 2. If overload: |    - Wait for processing to catch up |    - Reduce concurrent users if possible |    - Contact IT if sustained overload | 3. May need to schedule transactions during off-peak",
        "**Emergency Override** (Supervisor Only):",
        "[CODE] If transaction must complete immediately: | 1. Navigate to System Administration > Transaction Recovery | 2. Search for stuck transaction | 3. Select transaction | 4. Options: |    - Force Complete: Applies transaction immediately |    - Rollback: Undoes transaction completely |    - Resubmit: Tries to process again | 5. Choose appropriate action | 6. Confirm with reason code | 7. Document in notes why override was needed",
        "Train users to complete transactions immediately",
        "Set up monitoring alerts for pending >30 minutes",
        "Review stuck transactions daily",
        "Identify patterns (specific users, times, transactions)",
        "Address root causes (training, system capacity, process)",
        "**3. Performance Degradation During Peak Hours**",
        "System slow 9-11 AM and 2-4 PM",
        "Screens take >5 seconds to load",
        "RF scanners lag",
        "Timeouts during operations",
        "**Diagnostic Approach**:",
        "**Step 1: Establish Baseline**",
        "[CODE] Normal response times: | - Screen load: <2 seconds | - RF scanner task acceptance: <1 second | - Search results: <3 seconds | - Report generation: <30 seconds |  | Peak hour times (measure actual): | - If 2-3x normal: Performance issue | - If >5x normal: Critical issue",
        "**Step 2: Identify Bottleneck**",
        "[CODE] Check each layer: | 1. Network: Ping Tecsys server (should be <10ms) | 2. Application: Review application server logs | 3. Database: Check database performance metrics | 4. User count: How many concurrent users?",
        "**Step 3: Analyze Patterns**",
        "[CODE] Questions to answer: | - Does it happen same time every day? (Batch job conflict) | - Only certain users affected? (User-specific issue) | - Only certain transactions slow? (Query optimization needed) | - Started after recent change? (New code/configuration issue)",
        "**Common Causes & Fixes**:",
        "**Cause 1: Batch Jobs Running During Business Hours**",
        "[CODE] Problem: Large batch jobs (reports, sync) running during peak use |  | Fix: | 1. Identify conflicting batch jobs |    Navigate to: System Administration > Batch Job Schedule | 2. Reschedule to off-hours: |    - Change schedule time |    - Set to run before 6 AM or after 6 PM | 3. Spread out jobs (don't run all at 2 AM) | 4. Reduce frequency if possible (hourly → every 2 hours)",
        "**Cause 2: Database Needs Optimization**",
        "[CODE] Problem: Queries not optimized, indexes missing, statistics outdated |  | Fix (requires DBA): | 1. Identify slow queries (database monitoring tool) | 2. Add indexes for frequently searched fields | 3. Update database statistics (weekly recommended) | 4. Archive old data (>2 years to archive database) | 5. Rebuild fragmented indexes",
        "**Cause 3: Too Many Concurrent RF Users**",
        "[CODE] Problem: System designed for X users, but Y users connected (Y >> X) |  | Symptoms: | - RF scanner slowness only | - Desktop users mostly fine | - RF connection drops |  | Fix: | 1. Check RF user license count vs actual users | 2. Short-term: Stagger shifts (not everyone starts at same time) | 3. Mid-term: Optimize RF workflows (fewer server calls) | 4. Long-term: Upgrade RF infrastructure or add licenses",
        "**Cause 4: Network Congestion**",
        "[CODE] Problem: WiFi access points overloaded, network switches saturated |  | Diagnostic: | 1. Run network speed test from warehouse floor | 2. Check WiFi AP load (IT team) | 3. Verify QoS settings prioritize Tecsys traffic |  | Fix: | 1. Add WiFi access points in high-traffic areas | 2. Upgrade network switches | 3. Implement QoS to prioritize WMS traffic | 4. Separate WMS traffic to dedicated VLAN",
        "**Cause 5: Memory Leaks or Process Bloat**",
        "[CODE] Problem: Application server memory usage grows over time |  | Symptoms: | - Performance degrades throughout day | - Better after nightly restart | - Memory usage >80% of available |  | Fix: | 1. Monitor memory usage trend | 2. Schedule regular application server restarts (weekly) | 3. Report to Tecsys support (may be software bug) | 4. Increase server RAM if consistently maxed out",
        "**Quick Wins** (Can Implement Immediately):",
        "1. **Clear Browser Cache** (Desktop Users)",
        "Forces reload of latest code",
        "Removes corrupted cache files",
        "2. **Limit Search Results**",
        "Set max results to 100-200 (not unlimited)",
        "Reduces query load",
        "3. **Close Unused Sessions**",
        "System Admin > Active Sessions",
        "Kill sessions idle >30 minutes",
        "4. **Optimize Reports**",
        "Run large reports during off-hours",
        "Use scheduled reports instead of ad-hoc",
        "Limit date ranges on searches",
        "5. **Archive Historical Data**",
        "Move data >1 year to archive",
        "Reduces active database size",
        "Improves query performance",
        "**Monitoring Setup** (Prevent Future Issues):",
        "[CODE] Set up alerts for: | - CPU usage >80% for >5 minutes | - Memory usage >90% | - Database connection pool >80% utilization | - Average response time >3 seconds | - Concurrent users >threshold |  | Weekly review: | - Performance trends | - Slow queries report | - User session statistics | - Batch job run times",
        "**4. User Permissions Issues**",
        "User can log in but can't access certain screens",
        "\"Access Denied\" errors",
        "Resources missing from menu",
        "Can view but can't edit",
        "Actions grayed out",
        "**How Tecsys Permissions Work**:",
        "Three-layer security:",
        "1. **User Role**: Defines overall access level (Receiver, Picker, Supervisor, Admin)",
        "2. **Resource Permissions**: Access to specific screens/functions",
        "3. **Data Permissions**: Access to specific warehouses, areas, item categories",
        "**Diagnostic Steps**:",
        "**Step 1: Verify User Profile**",
        "[CODE] Navigate to: System Administration > WMS Users | Search for: Problem user | Review: | - User ID (active?) | - Role assigned | - Warehouse access | - Station assignments | - Mobile equipment permissions",
        "**Step 2: Check Role Permissions**",
        "[CODE] Navigate to: System Administration > Security Roles | Select: User's assigned role | Review: List of resources/actions permitted | Compare to: What user needs to do",
        "**Step 3: Test with Known-Good User**",
        "[CODE] Have another user (same role) try the same action | If they can do it: User-specific issue | If they can't: Role-level issue",
        "**Common Permission Problems & Fixes**:",
        "**Problem 1: User Can't See Menu Item**",
        "Root Cause: Resource not included in user's role",
        "[CODE] 1. Navigate to: System Administration > Security Roles | 2. Select user's role | 3. Click \"Edit\" | 4. Find missing resource in available resources list | 5. Add to role's permitted resources | 6. Save | 7. User must log out and back in to see change",
        "**Problem 2: User Can View But Can't Edit**",
        "Root Cause: Role has \"View\" permission but not \"Edit\" permission",
        "[CODE] 1. System Administration > Security Roles | 2. Select role | 3. Find the resource | 4. Change permission level: |    - None: Can't see resource |    - View: Can see but not edit |    - Edit: Can view and edit |    - Full: View, edit, delete, admin functions | 5. Set to appropriate level | 6. Save",
        "**Problem 3: User Can't Access Warehouse**",
        "Root Cause: User not assigned to warehouse in profile",
        "[CODE] 1. System Administration > WMS Users | 2. Edit user profile | 3. \"Warehouse Access\" section | 4. Add warehouse(s) user needs | 5. Set one as default warehouse | 6. Save | 7. User will see warehouse in session parameters at login",
        "**Problem 4: User Can't Perform Adjustments**",
        "Root Cause: Special permission required for inventory adjustments",
        "[CODE] This is often role-based with approval thresholds: | 1. System Administration > Security Roles | 2. Edit user's role | 3. Find \"Inventory Adjustment\" resource | 4. Set permission level | 5. Also check \"Adjustment Approval Limits\": |    - May can adjust up to $X or Y units without approval |    - Above threshold requires supervisor approval | 6. Set appropriate limits | 7. Save",
        "**Problem 5: Desktop Access Works But RF Scanner Doesn't**",
        "Root Cause: Mobile equipment type not assigned",
        "[CODE] 1. System Administration > WMS Users | 2. Edit user profile | 3. \"Mobile Equipment\" section: |    - Assign equipment type (cart, forklift, turret, etc.) |    - Some RF functions only available with certain equipment types | 4. Also check \"Mobile Resource Access\": |    - May need to specifically enable RF resources | 5. Save | 6. User logs out of RF scanner and back in",
        "**Creating Custom Roles** (Advanced):",
        "When to create custom role:",
        "Multiple users need same unique permissions",
        "Don't fit existing role definitions",
        "Need combination of permissions from multiple roles",
        "[CODE] 1. System Administration > Security Roles | 2. Click \"New Role\" | 3. Enter role name (descriptive, e.g. \"Receiving_Supervisor\") | 4. Copy permissions from similar existing role (starting point) | 5. Add/remove resources as needed | 6. Set permission levels (View/Edit/Full) | 7. Set approval limits and thresholds | 8. Set warehouse access defaults | 9. Test with one user before rolling out | 10. Document role purpose and permissions | 11. Save and assign to users",
        "Use roles, don't set permissions per user",
        "Document each role's purpose",
        "Review permissions quarterly",
        "Follow principle of least privilege (minimum needed)",
        "Test permission changes before rolling out",
        "Keep audit trail of permission changes",
        "Have at least 2 users with full admin access (backup)",
        "**Emergency Access** (Supervisor Override):",
        "If user urgently needs access for one-time task:",
        "[CODE] Option 1: Temporary Role Assignment | 1. Assign user to higher-privilege role | 2. Have them complete task | 3. Immediately reassign back to normal role | 4. Document in notes |  | Option 2: Supervisor Performs Action | 1. Supervisor logs in with their credentials | 2. Performs action on behalf of user | 3. Documents in transaction notes who requested |  | Never share admin credentials!",
        "**5. Batch Jobs Failed Overnight**",
        "Orders didn't import",
        "Inventory sync didn't run",
        "Reports not generated",
        "Alerts not sent",
        "**Critical Overnight Jobs** (Typical Schedule):",
        "[CODE] 12:00 AM - Database backup | 01:00 AM - Order import from ERP | 02:00 AM - Inventory reconciliation | 03:00 AM - Archive old transactions | 04:00 AM - Update item master | 05:00 AM - Generate daily reports | 06:00 AM - Send automated alerts",
        "**Diagnostic Steps**:",
        "**Step 1: Check Batch Job Monitor**",
        "[CODE] Navigate to: System Administration > Batch Job Monitor | Filter by: Last 24 hours | Status: Failed, Partial, Aborted | Sort by: Scheduled time (chronological)",
        "**Step 2: Review Error Logs**",
        "[CODE] For each failed job: | 1. Click job name | 2. View \"Execution History\" | 3. Read error message | 4. Check error code | 5. Review detailed log (if available)",
        "**Step 3: Check Job Dependencies**",
        "[CODE] Jobs often run in sequence: | - If Job A fails, Jobs B & C may skip | - Example: If order import fails, wave planning job has nothing to plan |  | Map dependency chain to find root failure",
        "**Common Failures & Fixes**:",
        "**Failure 1: Database Backup Failed**",
        "\"Disk space full\"",
        "\"Backup location not accessible\"",
        "\"Database locked\"",
        "[CODE] Disk space full: | 1. Clear old backups (keep last 30 days) | 2. Compress backups (gzip or similar) | 3. Add more disk space |  | Location not accessible: | 1. Check network connection to backup server | 2. Verify backup folder still exists | 3. Check permissions on backup folder | 4. Verify backup service account credentials |  | Database locked: | 1. Check for long-running transactions | 2. Kill blocking sessions if safe | 3. Reschedule backup to lower-traffic time",
        "**Failure 2: Order Import Failed**",
        "\"ERP connection timeout\"",
        "\"Staging table error\"",
        "\"Data format invalid\"",
        "[CODE] ERP connection timeout: | 1. Check ERP system is running | 2. Verify network connectivity | 3. Check firewall rules | 4. Verify interface credentials | 5. Restart interface service |  | Staging table error: | 1. Review staging table summary | 2. Identify error patterns | 3. Fix data at source | 4. Reprocess failed records | 5. May need to manually import if urgent |  | Data format invalid: | 1. Check ERP export format hasn't changed | 2. Verify date/time formats match expectation | 3. Check for ",
        "**Failure 3: Report Generation Failed**",
        "\"Report timeout\"",
        "\"Insufficient memory\"",
        "\"Data source unavailable\"",
        "[CODE] Report timeout: | 1. Report query too complex or data set too large | 2. Optimize query or split into smaller reports | 3. Increase timeout limit (if configurable) | 4. Schedule during lower-load time |  | Insufficient memory: | 1. Close other processes | 2. Increase allocated memory for reporting service | 3. Break large reports into smaller date ranges | 4. Archive old data to reduce data set size |  | Data source unavailable: | 1. Check all source systems are online | 2. Verify database conne",
        "**Manual Recovery Steps**:",
        "**If Critical Job Failed**:",
        "[CODE] 1. Identify the failed job | 2. Fix underlying issue (see above) | 3. Manually re-run job: |    - Batch Job Monitor |    - Select job |    - Click \"Run Now\" |    - Monitor progress | 4. Verify successful completion | 5. Check dependent jobs also run",
        "**If Data Import Critical**:",
        "[CODE] If automated import failed and orders/inventory urgent: | 1. Export data from ERP manually | 2. Use Tecsys import utility: |    - System Administration > Data Import |    - Select import type (Orders, Inventory, etc.) |    - Upload file (CSV/XML format) |    - Map fields if needed |    - Validate data |    - Import | 3. This is slower than automated but ensures data gets in",
        "**Setting Up Monitoring**:",
        "[CODE] Prevent future silent failures: | 1. Enable email alerts for failed jobs | 2. Set up monitoring dashboard | 3. Daily morning check of batch job status | 4. Weekly review of job run times (identify trends) | 5. Test batch jobs after any system changes",
        "**Batch Job Best Practices**:",
        "Schedule jobs during lowest-traffic periods",
        "Build in buffer time between dependent jobs",
        "Set realistic timeouts (not too short, not infinite)",
        "Monitor disk space daily",
        "Test jobs after Tecsys upgrades",
        "Document job purposes and dependencies",
        "Have rollback plan for critical jobs",
        "Keep job logs for at least 30 days"
      ]
    },
    {
      "number": 5,
      "title": "WAVE & ALLOCATION TROUBLESHOOTING",
      "bullets": [
        "**6. Wave Shows \"Scheduled for Planning\" Forever**",
        "Wave status: SPLN (Scheduled for Planning)",
        "Status doesn't change to PLN (Planned)",
        "Hours pass, still in SPLN",
        "Can't release wave",
        "**What Should Happen**:",
        "[CODE] Normal flow: | BLD (Build) → Plan action clicked → SPLN (Scheduled for Planning)  | → System processes (1-30 seconds) → PLN (Planned) → Ready to release",
        "**Why Waves Get Stuck in SPLN**:",
        "**Cause 1: Planning Process Failed**",
        "[CODE] 1. Navigate to System Administration > Background Processes | 2. Look for \"Wave Planning\" process | 3. Check status: Running, Failed, or Hung",
        "[CODE] If process failed: | 1. Review error log | 2. Common errors: |    - Insufficient inventory |    - Invalid location configuration |    - Pick zone mapping error | 3. Fix underlying issue | 4. Restart planning process: |    - System Administration > Background Processes |    - Select \"Wave Planning\" |    - Click \"Restart\" | 5. Wave should process to PLN within 1-2 minutes |  | If process hung (stuck, not failed): | 1. Stop the process: |    - Background Processes > Wave Planning |    - Click \"Stop",
        "**Cause 2: Inventory Allocation Conflict**",
        "Problem: Same inventory allocated to multiple waves simultaneously",
        "[CODE] 1. Wave Management > Wave Details | 2. Click \"Allocation Details\" | 3. Look for items with: |    - Available Qty < Required Qty |    - \"Conflict\" indicator |    - Multiple waves competing",
        "[CODE] 1. Identify competing waves | 2. Options: |    A) Cancel one wave, let other proceed |    B) Reallocate to different locations |    C) Split wave into multiple smaller waves | 3. Release lock: |    - System Administration > Inventory Locks |    - Find locked items |    - Click \"Release Lock\" (if safe) | 4. Re-plan wave",
        "**Cause 3: Planning Rule Validation Failed**",
        "Problem: Wave doesn't meet planning rules (min/max orders, weight, cube, etc.)",
        "[CODE] 1. Wave Management > Select Wave | 2. Click \"View Validation Errors\" | 3. Review list of rule violations",
        "[CODE] Common rule violations: |  | \"Wave exceeds maximum weight/cube\": | - Remove some orders | - Split into 2 waves | - Override limit (if authorized) |  | \"Insufficient pick paths\": | - Check pick zone configuration | - Verify locations assigned to pick zones | - Add pick paths if needed |  | \"Min/max order count violated\": | - Add more orders (if below min) | - Remove orders (if above max) | - Adjust wave rules if wrong",
        "**Emergency Override** (Supervisor):",
        "If wave must go out NOW and planning is stuck:",
        "[CODE] 1. Cancel current wave: |    - Wave Management |    - Select wave |    - Cancel action | 2. Create new wave with same orders | 3. If continues failing, bypass planning: |    - Some systems allow \"Force Release\" |    - Creates tasks without optimization |    - Pick efficiency lower but wave moves |    - Use only in emergencies",
        "Don't create waves exceeding system capacity",
        "Monitor background process health",
        "Fix allocation conflicts promptly",
        "Validate planning rules match operation reality",
        "Test wave planning after configuration changes",
        "**7. Allocation Failures - Orders Can't Be Allocated**",
        "Order shows in system but no inventory allocated",
        "Error: \"Unable to allocate inventory\"",
        "Available inventory exists but won't allocate",
        "Wave planning shows \"0 tasks generated\"",
        "**How Allocation Works**:",
        "[CODE] 1. System finds available inventory: |    - On-hand quantity |    - Minus: Allocated to other orders |    - Minus: On hold |    - Result: Available quantity |  | 2. System allocates based on rules: |    - FIFO (lot controlled items) |    - Pick zone preference |    - Location proximity |    - Put-away date (oldest first) |  | 3. System reserves inventory: |    - Marks as allocated |    - Creates pick tasks |    - Locks inventory from other orders",
        "**Diagnostic Steps**:",
        "**Step 1: Verify Inventory Actually Available**",
        "[CODE] Navigate to: Inventory Inquiry | Search for: Item on order | Check: | - On-hand quantity | - Allocated quantity   | - Hold quantity | - Available = On-hand - Allocated - Hold |  | If Available = 0, that's why allocation failed",
        "**Step 2: Check Hold Status**",
        "[CODE] Inventory Inquiry > Item Details > Holds Tab | Look for: | - Quality hold | - Damage hold | - Customer hold | - Quarantine | - Recall |  | Held inventory shows in on-hand but not available",
        "**Step 3: Check Allocation Rules**",
        "[CODE] Navigate to: System Administration > Allocation Rules | Review: | - Item allocation preferences | - Location allocation restrictions | - Warehouse routing rules | - Lot selection criteria |  | Misconfigured rules can prevent allocation",
        "**Common Causes & Fixes**:",
        "**Cause 1: Inventory on Hold**",
        "[CODE] Problem: Item exists but quality hold applied |  | Fix: | 1. Review hold reason (Quality, Damage, Recall) | 2. If hold invalid: Release hold | 3. If hold valid: Source from different location or lot | 4. Supervisor override: |    - If urgently needed |    - Customer accepts risk |    - Document in order notes",
        "**Cause 2: Lot/Serial Requirements Not Met**",
        "[CODE] Problem: Customer requires specific lot, that lot not available |  | Fix: | 1. Check customer order requirements | 2. Options: |    A) Contact customer - accept different lot? |    B) Wait for correct lot to arrive |    C) Source from different warehouse | 3. Update allocation to match requirement | 4. If override needed, get customer approval",
        "**Cause 3: Location Not in Pick Zone**",
        "[CODE] Problem: Inventory exists but location not assigned to any pick zone |  | Fix: | 1. Verify location setup: |    - System Administration > Locations |    - Search problem location |    - Check \"Pick Zone\" field | 2. Assign to appropriate pick zone: |    - Edit location |    - Set pick zone |    - Set location type (pick vs. reserve) |    - Save | 3. Re-attempt allocation | 4. Tasks should generate from that location",
        "**Cause 4: Minimum Allocation Quantity Not Met**",
        "[CODE] Problem: Order needs 1 piece, but allocation rule requires minimum 5 pieces |  | Fix: | 1. Check allocation rules for item | 2. Options: |    A) Override minimum (if authorized) |    B) Manually allocate from location |    C) Change allocation rule (if wrong) | 3. System Administration > Allocation Rules | 4. Find item or category rule | 5. Adjust minimum if appropriate | 6. Re-run allocation",
        "**Cause 5: Warehouse Routing Conflict**",
        "[CODE] Problem: Item in Warehouse A, order routing to Warehouse B |  | Example:  | - Order ships from East warehouse | - Inventory only in West warehouse | - System won't cross-allocate warehouses |  | Fix: | 1. Verify order warehouse assignment | 2. Options: |    A) Transfer inventory to correct warehouse |    B) Change order warehouse (if allowed) |    C) Split order (ship from multiple warehouses) | 3. If transfer needed: |    - Create transfer order |    - Ship between warehouses |    - Receive in ",
        "**Manual Allocation** (When Auto-Allocation Fails):",
        "[CODE] Steps: | 1. Navigate to: Order Management > Order Details | 2. Select order line | 3. Click \"Manual Allocate\" | 4. System shows available locations | 5. Select location(s) to pick from | 6. Enter quantity from each location | 7. Confirm allocation | 8. Pick tasks generate manually |  | Use when: | - Auto-allocation rules too restrictive | - Need to prioritize specific location | - Emergency override needed",
        "**Allocation Override** (Supervisor Only):",
        "[CODE] When to use: | - Customer emergency | - Rules need adjustment but no time | - System bug preventing normal allocation |  | Steps: | 1. Document reason for override | 2. Order Management > Select Order | 3. Click \"Force Allocate\" | 4. Ignore standard rules | 5. Manually select inventory | 6. Confirm override with supervisor code | 7. Note in order: \"MANUAL ALLOCATION - [reason]\" |  | Review overrides weekly - may indicate rules need updating",
        "(Continuing in next response due to length...)"
      ]
    }
  ]
}