{
  "doc_title": "Tecsys Exception Handling Playbook",
  "module": "Operations",
  "version": "V1",
  "total_slides": 12,
  "slides": [
    {
      "number": 0,
      "title": "Tecsys Exception Handling Playbook",
      "bullets": [
        "Walter Surface Technologies",
        "Module: Operations",
        "Version 1.0 | February 2026"
      ]
    },
    {
      "number": 1,
      "title": "TECSYS WMS",
      "bullets": []
    },
    {
      "number": 2,
      "title": "Exception Handling Playbook",
      "bullets": [
        "**Walter Surface Technologies**",
        "**Version 1.0 | February 2026**"
      ]
    },
    {
      "number": 3,
      "title": "How to Use This Playbook",
      "bullets": [
        "This playbook provides procedures for handling exceptions in Tecsys WMS. Each section is organized by workflow (Receiving, Picking, Shipping, etc.) and provides:",
        "**Situation**: What happened",
        "**Tecsys Procedure**: Exact steps in the system",
        "**When to Escalate**: Who to contact",
        "**Prevention**: How to avoid it next time",
        "**Quick Reference**: Use the Table of Contents to jump to your specific situation."
      ]
    },
    {
      "number": 4,
      "title": "Table of Contents",
      "bullets": [
        "**RECEIVING EXCEPTIONS**",
        "1. [Partial Receipt (Received Less Than Ordered)](#partial-receipt)",
        "2. [Over Shipment (Received More Than Ordered)](#over-shipment)",
        "3. [Damaged Goods on Receipt](#damaged-receipt)",
        "4. [Wrong Item Received](#wrong-item-received)",
        "5. [Receipt Without Purchase Order](#no-po-receipt)",
        "6. [Receiver Needs to Be Canceled](#cancel-receiver)",
        "**PICKING EXCEPTIONS**",
        "7. [Short Pick (Item Not in Location)](#short-pick)",
        "8. [Wrong Item in Location](#wrong-item-location)",
        "9. [Cancelled Order Mid-Pick](#cancel-mid-pick)",
        "10. [Emergency Priority Order](#priority-order)",
        "11. [Cannot Complete Pick Task](#incomplete-pick)",
        "**SHIPPING EXCEPTIONS**",
        "12. [Container Build Issues](#container-build)",
        "13. [Staging Table Errors](#staging-errors)",
        "14. [Cannot Release Wave](#cannot-release-wave)",
        "15. [Label Printing Failures](#label-failure)",
        "**INVENTORY EXCEPTIONS**",
        "16. [Cycle Count Variance](#cycle-variance)",
        "17. [Item on Quality Hold](#quality-hold)",
        "18. [Lot/Serial Number Issues](#lot-serial-issues)",
        "19. [Inventory in Wrong Location](#wrong-location)",
        "**CUSTOMER RETURNS**",
        "20. [Return Without Original Packaging](#no-packaging-return)",
        "21. [Partial Return (Less Than Expected)](#partial-return)",
        "22. [Serial Number Return Processing](#serial-return)"
      ]
    },
    {
      "number": 5,
      "title": "RECEIVING EXCEPTIONS",
      "bullets": [
        "**1. Partial Receipt (Received Less Than Ordered)**",
        "Vendor shipped less than the quantity ordered on the purchase order.",
        "**Example**: PO shows 100 units, but only 60 units were delivered.",
        "**Tecsys Procedure**:",
        "1. **Open Receipt Schedule for PO**",
        "Desktop: Navigate to **Receiving** → **Receipt Schedules**",
        "Enter PO number in search",
        "Select the receipt",
        "2. **Begin Receiving**",
        "Mobile: Select **Receiving** → **Inbound Order Receiving**",
        "Scan container number",
        "Confirm receipt details",
        "3. **Enter Actual Quantity Received**",
        "When prompted for quantity, enter actual received (60)",
        "NOT the ordered quantity (100)",
        "4. **System Creates Backorder Automatically**",
        "Remaining 40 units stay on PO as \"backorder\"",
        "Purchasing is notified automatically",
        "Receipt shows \"Partially Complete\"",
        "5. **Document the Reason**",
        "In notes field, enter reason for partial shipment",
        "Example: \"Vendor short shipped - confirmed with carrier\"",
        "Add packing slip number if available",
        "6. **Complete Receipt**",
        "Click **Submit**",
        "System receives 60 units",
        "Remaining 40 units available for future receipt",
        "**When to Escalate**:",
        "Immediately notify supervisor if high-priority item",
        "Email purchasing department with details",
        "Supervisor may need to expedite backorder",
        "Verify packing slip matches PO before unloading truck",
        "Contact purchasing immediately if shortage discovered at dock",
        "Take photos of shortages for documentation",
        "**Additional Notes**:",
        "Backorder remains active for next shipment",
        "When remaining 40 units arrive, receive against same PO",
        "If partial shipment happens repeatedly, purchasing reviews vendor",
        "**2. Over Shipment (Received More Than Ordered)**",
        "Vendor shipped more than ordered quantity.",
        "**Example**: PO shows 100 units, but 107 units were delivered.",
        "**Tecsys Tolerance**:",
        "System allows up to 5% over-receipt without approval",
        "100 units × 5% = 5 units tolerance",
        "Can receive up to 105 units automatically",
        "107 units EXCEEDS tolerance - requires supervisor approval",
        "**Tecsys Procedure**:",
        "**If within 5% tolerance (105 units or less)**:",
        "1. Enter actual quantity received (103)",
        "2. System accepts automatically",
        "3. Add note explaining overage",
        "**If exceeds 5% tolerance (106+ units)**:",
        "1. Enter quantity (107)",
        "2. System displays warning: \"Exceeds over-receipt tolerance\"",
        "3. **STOP** - Do NOT force through",
        "4. Contact supervisor immediately",
        "5. Supervisor must approve in system before you can proceed",
        "6. Once approved, enter quantity and complete receipt",
        "**When to Escalate**:",
        "Always escalate if over 5% tolerance",
        "Supervisor decides: Accept overage, reject extra units, or contact vendor",
        "Count deliveries carefully before unloading",
        "Verify packing slip against PO",
        "Question driver if quantities don't match",
        "If vendor habitually over-ships, purchasing may adjust tolerance",
        "Extra units may need to be returned (RTV process)",
        "High-value items: get supervisor approval even if within tolerance",
        "**3. Damaged Goods on Receipt**",
        "Items arrived damaged or packaging is compromised.",
        "**Tecsys Procedure**:",
        "**Step 1: Receive Full Quantity Initially**",
        "1. Complete normal receiving process",
        "2. Enter total quantity delivered (including damaged)",
        "3. This gets all items into system",
        "4. Complete the receipt",
        "**Step 2: Place Damaged Items on Hold**",
        "1. Navigate to **Inventory Management** → **Inventory Holds**",
        "2. Click **New Hold**",
        "Item number",
        "Location (where you put damaged items)",
        "Quantity damaged",
        "Hold Code: **DAMAGE**",
        "Notes: Describe damage (crushed boxes, cracked units, water damage, etc.)",
        "**Step 3: Physical Segregation**",
        "1. Move damaged items to designated damage area",
        "2. Attach \"DAMAGED - ON HOLD\" label",
        "3. Do NOT leave in regular inventory locations",
        "4. Take photos for documentation",
        "**Step 4: Notify Appropriate Parties**",
        "1. Supervisor (immediately)",
        "2. Purchasing (for vendor claim)",
        "3. Quality Control (if required)",
        "**Step 5: Disposition** (Supervisor decides):",
        "**Option A: Return to Vendor (RTV)**",
        "Create RTV in system",
        "Vendor provides return authorization",
        "Ship back to vendor",
        "**Option B: Accept at Reduced Value**",
        "Purchasing negotiates credit",
        "Release hold",
        "Item available for sale (if still usable)",
        "**Option C: Dispose/Scrap**",
        "Create inventory adjustment",
        "Reason code: DAMAGE",
        "Remove from system",
        "Dispose per company policy",
        "**When to Escalate**:",
        "All damaged goods immediately to supervisor",
        "High-value items (>$500) to manager",
        "Entire pallet damage to manager and purchasing",
        "Inspect deliveries before signing",
        "Note damage on delivery receipt",
        "Take photos during unloading",
        "Refuse delivery if severely damaged",
        "NEVER release damaged items for sale without approval",
        "Liability and safety issues",
        "Customer satisfaction impact",
        "**4. Wrong Item Received**",
        "Vendor shipped incorrect item (item number doesn't match PO).",
        "**Example**: PO shows item ABC123, but package contains item XYZ789.",
        "**Tecsys Procedure**:",
        "**DO NOT receive wrong item against PO**",
        "1. **Verify the Discrepancy**",
        "Check item barcode vs PO",
        "Verify it's truly wrong (not just different packaging)",
        "Check if it's a substitute item",
        "2. **If Item is Completely Wrong**:",
        "**Stop receiving process**",
        "Do not receive in Tecsys",
        "Set aside physically",
        "Take photo of item and packing slip",
        "3. **Contact Purchasing Immediately**",
        "Provide:",
        "PO number",
        "Item ordered",
        "Item received",
        "Quantity",
        "Packing slip",
        "4. **Purchasing Determines Next Steps**:",
        "**Option A: Keep and Receive**",
        "Purchasing creates new PO for actual item received",
        "You receive against new PO",
        "Original PO remains open",
        "**Option B: Return to Vendor**",
        "Do not receive in system",
        "Purchasing arranges return",
        "Refuse item or create RTV",
        "Original PO remains open for correct item",
        "5. **Document Everything**:",
        "Add detailed notes to PO",
        "Save packing slip",
        "Keep photos",
        "**When to Escalate**:",
        "Immediately to purchasing (before receiving)",
        "Supervisor if urgent/high-priority item",
        "Never receive wrong item \"to figure it out later\"",
        "Verify item numbers during receiving",
        "Scan barcodes (system validates against PO)",
        "Check packing slip before receiving",
        "Question discrepancies immediately",
        "**5. Receipt Without Purchase Order**",
        "Items delivered with no corresponding PO in Tecsys.",
        "Marketing samples (value $0)",
        "Warranty replacement",
        "Emergency delivery",
        "Vendor error (sent without order)",
        "**Tecsys Procedure for \"Basic Receiving\"**:",
        "1. Navigate to **Receiving** → **Inbound Order Planning**",
        "2. Click **New** to create basic receipt",
        "Vendor name (if known)",
        "Container number (carrier tracking)",
        "Item number",
        "Quantity",
        "Location for putaway",
        "5. Items received into inventory without PO",
        "1. Select **Receiving** resource",
        "2. Select **Basic Receiving** (or Blind Receiving)",
        "3. Scan or enter item number",
        "5. Scan destination location",
        "**When to Use Basic Receiving**:",
        "Marketing samples (coordinate with marketing first)",
        "Warranty replacements (get approval from purchasing)",
        "Returns from customers (use Customer Returns process instead)",
        "Transfers from other warehouses (use Transfer Receipt)",
        "Regular vendor deliveries (should have PO)",
        "Never for significant $ value without approval",
        "Customer returns (different process)",
        "**When to Escalate**:",
        "Always notify supervisor before doing basic receiving",
        "Get approval for any items > $100 value",
        "Purchasing may need to create PO retroactively",
        "Ensure purchasing creates POs for all deliveries",
        "Question deliveries that arrive unexpectedly",
        "Coordinate with purchasing on samples/replacements",
        "**6. Receiver Needs to Be Canceled**",
        "Purchase order released in system, but vendor indicates shipment won't occur.",
        "**Example**: Vendor calls to say item is discontinued, on backorder, or PO was entered in error.",
        "**Important**: Once receiver is released, it CANNOT be canceled directly in WMS.",
        "**Tecsys Procedure**:",
        "1. **Do NOT attempt to delete receiver in WMS** (won't work)",
        "2. **Contact Purchasing Immediately**:",
        "Provide PO number",
        "Explain reason for cancellation",
        "Get confirmation",
        "3. **Purchasing Takes Action**:",
        "Cancels PO in ERP system",
        "Cancellation flows to WMS overnight (batch process)",
        "Receiver disappears from WMS next day",
        "**Temporary Workaround** (if urgent):",
        "Receiving supervisor can mark receiver as \"on hold\"",
        "Prevents accidental receiving",
        "Still requires purchasing to cancel in ERP",
        "**When to Escalate**:",
        "Immediately to purchasing",
        "Supervisor if you need receiver removed urgently",
        "Purchasing should cancel POs as soon as vendor notification received",
        "Don't release receivers until shipment confirmed"
      ]
    },
    {
      "number": 6,
      "title": "PICKING EXCEPTIONS",
      "bullets": [
        "**7. Short Pick (Item Not in Location)**",
        "Pick task shows item in location, but item is not physically there.",
        "**Tecsys Procedure (Mobile Device)**:",
        "1. **Navigate to Location** shown on pick task",
        "2. **Scan Location** to confirm you're in right place",
        "3. **Verify Item Is Not There**:",
        "Check top/bottom shelves",
        "Check behind other items",
        "Verify item number",
        "Check nearby locations",
        "4. **Report Short Pick**:",
        "On RF scanner, select **Short Pick** option",
        "Or enter actual quantity found (0 if none)",
        "System prompts: \"Quantity not available\"",
        "5. **Enter Reason** (if prompted):",
        "Item not in location",
        "Wrong location",
        "System quantity incorrect",
        "6. **System Action**:",
        "Pick task is partially completed or canceled",
        "Creates exception report for supervisor",
        "May assign to another location if inventory exists elsewhere",
        "7. **Complete Task**:",
        "Move to next pick",
        "Supervisor investigates shortage",
        "**When to Escalate**:",
        "Immediately if high-priority order",
        "Multiple short picks from same location (indicates larger problem)",
        "Never skip a pick without reporting it",
        "Report inventory discrepancies during cycle counts",
        "Ensure putaway is done to correct locations",
        "Complete picks immediately (don't wait until end of shift)",
        "**Supervisor Follow-up**:",
        "Reviews exception report",
        "Investigates where inventory went",
        "May reallocate from different location",
        "Creates cycle count for problem location",
        "**8. Wrong Item in Location**",
        "Pick location contains different item than expected.",
        "**Example**: Pick task shows item ABC123, but location has item XYZ789.",
        "**Tecsys Procedure**:",
        "1. **STOP - Do NOT Pick Wrong Item**",
        "Never substitute items",
        "Never assume items are interchangeable",
        "Never override system",
        "2. **Verify You're in Correct Location**:",
        "Re-scan location barcode",
        "Check location label",
        "Confirm you read pick task correctly",
        "3. **If Location Is Correct**:",
        "Item in location is WRONG",
        "Report to supervisor immediately",
        "4. **Report Exception in RF Scanner**:",
        "Select **Wrong Item** or **Short Pick** option",
        "Enter what you found instead",
        "Take note of wrong item number",
        "5. **Physical Action**:",
        "Leave wrong item in location (don't move it)",
        "Or move to holding area if blocking access",
        "Attach note: \"WRONG ITEM - DO NOT PICK\"",
        "6. **Complete Pick Task**:",
        "System marks as exception",
        "Move to next pick",
        "**When to Escalate**:",
        "Immediately to supervisor",
        "Critical if high-priority order",
        "**Supervisor Actions**:",
        "Investigates root cause",
        "Creates cycle count for location",
        "Moves wrong item to correct location",
        "May create adjustment if needed",
        "Reallocates pick from correct location",
        "Verify item numbers during putaway",
        "Scan items when putting away",
        "Train staff on proper putaway procedures",
        "Regular cycle counts",
        "**9. Cancelled Order Mid-Pick**",
        "Customer calls to cancel order while you're actively picking it.",
        "**Tecsys Procedure**:",
        "1. **Stop Picking Immediately**",
        "Do not complete current pick task",
        "Note what you've already picked",
        "2. **Return Already-Picked Items**:",
        "If items are in your cart/tote:",
        "Create **Inventory Return** task (supervisor assists)",
        "OR put back manually to original locations",
        "Record locations where items returned",
        "3. **Cancel Pick Task in System**:",
        "On RF scanner: **Cancel Task** option",
        "Or supervisor cancels from desktop",
        "Reason: \"Order Cancelled\"",
        "4. **Desktop Cancellation** (Supervisor):",
        "Navigate to **Wave Management**",
        "Find the wave containing order",
        "Select wave → **Cancel** action",
        "Orders placed on hold",
        "All pick tasks cancelled",
        "5. **System Impact**:",
        "Inventory allocated to order is released",
        "Available for other orders",
        "Pick tasks disappear from queue",
        "**When to Escalate**:",
        "Immediately to supervisor",
        "Supervisor coordinates with customer service",
        "Customer service should check order status before canceling",
        "Set \"cancellation freeze\" time (ex: can't cancel after wave release)",
        "If order already staged: Supervisor handles un-staging",
        "If order partially picked: May keep partial and ship next time",
        "If order already packed: May not be cancelable",
        "**10. Emergency Priority Order**",
        "Customer needs urgent shipment, must bypass normal queue.",
        "**Tecsys Procedure**:",
        "**Option 1: Add to Existing Wave** (Fastest):",
        "1. Supervisor creates new wave or finds active wave",
        "2. Adds priority order to wave",
        "3. Plans and releases wave immediately",
        "4. You receive pick task on RF scanner",
        "5. Complete priority pick first",
        "**Option 2: Create Priority Wave**:",
        "1. Supervisor creates wave with ONLY priority order",
        "2. Sets priority level to highest",
        "3. Releases immediately",
        "4. Pick tasks appear in your queue marked HIGH PRIORITY",
        "1. Priority tasks appear at TOP of task list",
        "2. May be marked with red flag or URGENT indicator",
        "3. Complete before regular picks",
        "**Picking Priority Orders**:",
        "1. Drop current pick if safe to do so",
        "2. Accept priority pick task",
        "3. Complete quickly but accurately",
        "4. Stage separately (express staging area)",
        "5. Notify packer/shipper when done",
        "**When to Escalate**:",
        "Short pick on priority order (immediate escalation)",
        "Any issue that will delay priority order",
        "Customer service should give advance notice when possible",
        "Set SLA for priority order processing",
        "Pre-allocate inventory for known urgencies",
        "**11. Cannot Complete Pick Task**",
        "Unable to finish pick task for various reasons.",
        "**Common Scenarios**:",
        "**Scenario A: End of Shift**",
        "Reassign to next shift picker",
        "On RF: **Suspend Task** or **Reassign**",
        "Leave items in cart with note",
        "Next picker continues where you left off",
        "**Scenario B: Equipment Failure**",
        "Forklift breaks, pallet jack jams, scanner dies",
        "**Suspend Task** in RF scanner",
        "Request replacement equipment",
        "Resume when equipment available",
        "Or reassign to another picker",
        "**Scenario C: Safety Issue**",
        "Unstable pallet, damaged rack, spill in aisle",
        "**Stop immediately**",
        "Report safety issue to supervisor",
        "Cordon off area",
        "Task reassigned after issue resolved",
        "**Scenario D: Can't Reach Item**",
        "Item on top shelf, need special equipment",
        "On RF: **Request Assistance**",
        "Supervisor sends picker with lift equipment",
        "Or reassigns to qualified picker",
        "**Suspend**: Task paused, can resume later",
        "**Reassign**: Task moves to another user",
        "**Cancel**: Task cancelled (rare, requires supervisor)",
        "**When to Escalate**:",
        "Safety issues: Immediate",
        "Equipment failure: As soon as discovered",
        "Can't complete for any reason: Notify supervisor",
        "Check equipment at start of shift",
        "Report damaged racks/pallets when seen",
        "Request assistance early (don't wait)"
      ]
    },
    {
      "number": 7,
      "title": "SHIPPING EXCEPTIONS",
      "bullets": [
        "**12. Container Build Issues**",
        "Problems when building or merging containers for shipping.",
        "**Common Scenarios**:",
        "**Scenario A: Wrong Items in Container**",
        "1. Navigate to **Pack** → **Container Merge or Unpack**",
        "2. Scan container number",
        "3. Select **Unpack Inventory**",
        "4. Choose items to remove",
        "6. Items returned to inventory",
        "7. Rebuild container correctly",
        "**Scenario B: Need to Merge Containers**",
        "1. Identify source container (items to move) and destination container",
        "2. Navigate to **Pack** → **Container Merge**",
        "3. Scan source container",
        "4. Scan destination container",
        "5. System lists items in source",
        "6. Select items to merge",
        "9. Items move to destination, source container may be empty/deleted",
        "**Scenario C: Container Label Won't Print/Lost**",
        "1. Navigate to **Pack** → **Container Build**",
        "2. Enter container number",
        "3. Set **New Label** field to **Yes**",
        "5. New label generates",
        "6. Apply to container",
        "**When to Escalate**:",
        "Can't identify contents of container: Supervisor",
        "System won't let you unpack: IT Support",
        "Physical container damaged: Supervisor",
        "**13. Staging Table Errors**",
        "Staging Table Summary shows errors that prevent order processing.",
        "**Tecsys Procedure**:",
        "1. **View Staging Table Summary**:",
        "Navigate to **Outbound** → **Staging Table Summary**",
        "Shows all staging tables with errors",
        "2. **Identify Errors**:",
        "\"In Error\" column shows count",
        "Click on error count to view details",
        "3. **Common Error Types**:",
        "**Address Validation Error**:",
        "Shipping address incomplete or invalid",
        "Fix: Update address in order system (ERP)",
        "Or supervisor overrides in Tecsys",
        "**Insufficient Inventory**:",
        "Order allocated but inventory picked/adjusted",
        "Fix: Supervisor reallocates from different location",
        "Or cancels line if no inventory available",
        "**Invalid Carrier/Service**:",
        "Shipping method not configured",
        "Fix: Update order with valid carrier",
        "Or supervisor adds carrier to system",
        "Order contains item not in Tecsys",
        "Fix: Add item to system (IT/Admin)",
        "Or remove line from order",
        "4. **Correcting Errors**:",
        "Click error line to open detail",
        "**Staging Action** column shows what to do",
        "Follow indicated action",
        "Reprocess after fix",
        "5. **Reprocess After Fix**:",
        "Error automatically clears when fixed",
        "Or supervisor reprocesses staging table manually",
        "**When to Escalate**:",
        "Any error you can't fix: Supervisor",
        "Repeated errors: IT Support",
        "Customer deadline at risk: Manager",
        "**14. Cannot Release Wave**",
        "Wave stuck in Planned status, won't release.",
        "**Tecsys Procedure**:",
        "1. **Check Wave Status**:",
        "Must be status **PLN** (Planned)",
        "Can only release from Planned status",
        "2. **Verify Requirements Met**:",
        "All orders in wave have inventory allocated",
        "No orders on hold",
        "All validation passed",
        "3. **Check for Errors**:",
        "Open wave details",
        "Look for warning/error messages",
        "Check Staging Table Summary for errors",
        "4. **Common Causes & Fixes**:",
        "**Insufficient Inventory**:",
        "One or more items short",
        "Fix: Supervisor reviews allocation",
        "May remove problem order from wave",
        "Or find inventory from other location",
        "Credit hold, customer hold, etc.",
        "Fix: Remove held order from wave",
        "Release held order only when hold removed",
        "**Validation Failure**:",
        "Address invalid, carrier not set, etc.",
        "Fix: Correct order data",
        "Replan wave if needed",
        "**Not Properly Planned**:",
        "Wave created but not planned",
        "Fix: Select wave → **Plan** action",
        "Then release",
        "Once all issues resolved",
        "Select wave",
        "Click **Release** action",
        "Pick tasks generate",
        "**When to Escalate**:",
        "Can't identify cause: Supervisor",
        "Need orders removed from wave: Supervisor",
        "System error preventing release: IT Support",
        "**15. Label Printing Failures**",
        "Shipping labels or packing slips won't print.",
        "**See Error Message Reference Guide** for detailed troubleshooting.",
        "1. Verify printer is on and online",
        "2. Check label/paper supply",
        "4. Verify correct printer selected",
        "6. Reprint label from Tecsys"
      ]
    },
    {
      "number": 8,
      "title": "INVENTORY EXCEPTIONS",
      "bullets": [
        "**16. Cycle Count Variance**",
        "**See Inventory Accuracy Procedures** for detailed steps.",
        "Recount carefully",
        "System prompts for confirmation if variance exists",
        "Supervisor must approve variances >10 units or >$100",
        "All variances require investigation",
        "Document findings",
        "**17. Item on Quality Hold**",
        "Item exists in system but can't be picked due to quality hold.",
        "**Why Items Are on Hold**:",
        "Damage discovered after receiving",
        "Quality issue identified",
        "Customer return pending inspection",
        "Recall",
        "Expiration date approaching",
        "**Tecsys Procedure**:",
        "1. **Verify Hold Status**:",
        "Navigate to **Inventory Inquiry**",
        "Enter item number and location",
        "Check **Hold Code** column",
        "Codes: QC, DAMAGE, RECALL, CUST, EXPIRING",
        "2. **Check Hold Details**:",
        "Click on item",
        "View hold notes",
        "Understand reason for hold",
        "3. **Releasing from Hold** (Requires Authority):",
        "Navigate to **Inventory Holds**",
        "Find the specific hold",
        "Investigate/inspect item as required",
        "**Options**:",
        "**Release**: Item available again",
        "**Adjust Out**: Remove from inventory (if damaged/expired)",
        "**RTV**: Return to vendor",
        "4. **Physical Handling**:",
        "Items on hold should be in designated hold area",
        "Clearly labeled with hold reason",
        "Segregated from regular inventory",
        "**When to Escalate**:",
        "If you need item released urgently: Supervisor",
        "If item shouldn't be on hold: Quality Control",
        "To disposition held items: Supervisor/QC",
        "Place holds immediately when issues discovered",
        "Document hold reasons clearly",
        "Review held inventory weekly",
        "Dispose/release promptly (don't let holds accumulate)",
        "**18. Lot/Serial Number Issues**",
        "**Common Scenarios**:",
        "**Scenario A: Lot Number Not Recorded at Receiving**",
        "Impact: Can't pick item (system requires lot number)",
        "1. Supervisor navigates to **Inventory Inquiry**",
        "2. Finds received items without lot",
        "3. Manually adds lot number",
        "4. Item becomes pickable",
        "Prevention: Always scan/enter lot number during receiving",
        "**Scenario B: Wrong Lot Number Picked**",
        "Impact: System rejects pick (lot doesn't match allocation)",
        "2. Find correct lot number",
        "3. Pick from correct lot",
        "4. Report location of wrong lot to supervisor",
        "Prevention: Verify lot number during pick, don't override",
        "**Scenario C: Serial Number Doesn't Scan**",
        "Impact: Can't complete pick or receive",
        "1. Clean serial barcode",
        "3. If damaged, supervisor creates replacement label",
        "Prevention: Report damaged serial labels immediately",
        "**Scenario D: FIFO Violation**",
        "Impact: System won't let you pick older lot when newer lot exists",
        "1. System is correct - pick from oldest lot",
        "2. If oldest lot is problem, supervisor must adjust",
        "Prevention: Trust the system, it enforces FIFO automatically",
        "**19. Inventory in Wrong Location**",
        "Discovered inventory in location where it shouldn't be.",
        "**Tecsys Procedure**:",
        "**Option 1: Inventory Move** (If Quantity is Correct):",
        "1. Navigate to **Inventory** → **Inventory Move**",
        "3. Scan current (wrong) location",
        "5. Scan destination (correct) location",
        "7. System updates location, quantity stays same",
        "**Option 2: Adjustment** (If Quantity Also Wrong):",
        "1. Create adjustment to remove from wrong location",
        "2. Create adjustment to add to correct location",
        "3. Use reason code: **RELOCATION**",
        "Always report found inventory to supervisor",
        "Supervisor investigates why item was in wrong place",
        "May indicate training issue or process breakdown"
      ]
    },
    {
      "number": 9,
      "title": "CUSTOMER RETURNS",
      "bullets": [
        "**20. Return Without Original Packaging**",
        "Customer returned item but packaging is damaged or missing.",
        "**Tecsys Procedure**:",
        "1. **Process Return Normally**:",
        "Use **Customer Returns** process",
        "Receive quantity returned",
        "Is item itself damaged?",
        "Is it missing parts?",
        "Is it saleable?",
        "**If Item is Resaleable**:",
        "Receive into regular inventory",
        "May repackage if needed",
        "Hold Code: none",
        "**If Item is Not Saleable**:",
        "Receive into system",
        "Immediately place on hold",
        "Hold Code: **DAMAGE** or **CUST**",
        "Physical location: Returns/damage area",
        "**If Item Is Missing Parts**:",
        "Note in return notes",
        "Place on hold",
        "Quality Control inspects",
        "May be scrapped or refurbished",
        "4. **Document Condition**:",
        "Take photos",
        "Note condition in return notes",
        "Attach to RMA record",
        "**When to Escalate**:",
        "High-value returns: Manager",
        "Questionable condition: Quality Control",
        "Customer disputes: Customer Service",
        "**21. Partial Return (Less Than Expected)**",
        "Customer was supposed to return 5 units but only sent 3.",
        "**Tecsys Procedure**:",
        "1. **Process Return for Actual Quantity**:",
        "RMA shows expected: 5 units",
        "Receive actual: 3 units",
        "System marks as partial return",
        "2. **System Updates**:",
        "3 units received into inventory",
        "2 units remain on RMA as \"not yet returned\"",
        "RMA stays open for remaining units",
        "Add notes: \"Partial return - customer kept 2 units\"",
        "Include customer communication",
        "4. **Notify Customer Service**:",
        "Supervisor coordinates with CS",
        "May need to adjust customer credit",
        "Close RMA if remainder not expected",
        "Or leave open if customer will return later",
        "**When to Escalate**:",
        "Always notify supervisor for partial returns",
        "Customer Service handles customer communication",
        "Accounting may need to adjust credit",
        "**22. Serial Number Return Processing**",
        "Customer returning serial-tracked item.",
        "**Critical**: Must record serial number during return process.",
        "**Tecsys Procedure**:",
        "1. **Receive Return**:",
        "Process as normal customer return",
        "System prompts for serial number",
        "2. **Enter Serial Number**:",
        "Scan serial number barcode on item",
        "Or enter manually",
        "System validates:",
        "Serial exists in system",
        "Serial was sold to this customer",
        "Serial number format is correct",
        "3. **If Serial Number Doesn't Match**:",
        "System rejects",
        "Possible issues:",
        "Wrong serial entered",
        "Customer returning different unit",
        "Serial was never recorded at sale",
        "**Escalate to supervisor immediately**",
        "4. **Complete Return**:",
        "Click **Submit**",
        "Serial number returned to inventory",
        "Available for resale (if condition allows)",
        "**When to Escalate**:",
        "Serial number validation fails: Supervisor",
        "Serial number not on unit: Supervisor",
        "Customer disputes serial number: Customer Service"
      ]
    },
    {
      "number": 10,
      "title": "Escalation Quick Reference",
      "bullets": [
        "[TABLE] Issue Type | Try First | Then Escalate To",
        "[TABLE] Short pick | Report in system | Supervisor",
        "[TABLE] Wrong item received | Stop, don't receive | Purchasing",
        "[TABLE] Damaged goods | Segregate, hold | Supervisor",
        "[TABLE] Inventory variance | Recount | Supervisor → Inventory Control",
        "[TABLE] Can't release wave | Check staging errors | Supervisor",
        "[TABLE] Scanner problems | Try troubleshooting | Supervisor → IT",
        "[TABLE] System error | Refresh, re-login | IT Support",
        "[TABLE] Customer emergency | Handle normally | Supervisor → Manager",
        "[TABLE] Safety issue | Stop immediately | Supervisor → Safety",
        "[TABLE] Theft suspected | Document | Supervisor → Manager → Security"
      ]
    },
    {
      "number": 11,
      "title": "Prevention Principles",
      "bullets": [
        "**The 5 Cs of Exception Prevention**:",
        "1. **Confirm**: Double-check before confirming actions",
        "2. **Communicate**: Report issues immediately",
        "3. **Complete**: Finish tasks in real-time, don't delay",
        "4. **Correct**: Fix problems at the source",
        "5. **Continuous**: Keep improving processes",
        "**Root Cause Analysis**:",
        "When exceptions occur repeatedly:",
        "1. Track pattern (when, where, who, what)",
        "2. Identify root cause",
        "3. Implement corrective action",
        "5. Monitor improvement",
        "**For Questions or Assistance**:",
        "Contact your Supervisor",
        "**Document Version**: 1.0 | February 2026",
        "**Next Review**: August 2026"
      ]
    }
  ]
}