{
  "doc_title": "Tecsys Day-to-Day Troubleshooting",
  "module": "Operations",
  "version": "V1",
  "total_slides": 13,
  "slides": [
    {
      "number": 0,
      "title": "Tecsys Day-to-Day Troubleshooting",
      "bullets": [
        "Walter Surface Technologies",
        "Module: Operations",
        "Version 1.0 | February 2026"
      ]
    },
    {
      "number": 1,
      "title": "TECSYS WMS DAY-TO-DAY TROUBLESHOOTING",
      "bullets": []
    },
    {
      "number": 2,
      "title": "Quick Fixes for Common Problems",
      "bullets": [
        "**For Supervisors and Lead Users**",
        "**Version 1.0 | February 2026**"
      ]
    },
    {
      "number": 3,
      "title": "Quick Problem Finder",
      "bullets": [
        "**Use this index to jump directly to your issue:**",
        "[TABLE] Problem | Page | Urgency",
        "[TABLE] Picker says \"no tasks on scanner\" | [#1](#no-tasks) | 🔴 High",
        "[TABLE] Wave won't release | [#2](#wave-wont-release) | 🔴 High",
        "[TABLE] Negative inventory showing | [#3](#negative-inv) | 🟡 Medium",
        "[TABLE] Scanner keeps disconnecting | [#4](#scanner-disconnect) | 🔴 High",
        "[TABLE] Labels printing wrong data | [#5](#label-wrong) | 🔴 High",
        "[TABLE] User locked out of system | [#6](#locked-out) | 🟡 Medium",
        "[TABLE] Inventory count doesn't match | [#7](#count-mismatch) | 🟡 Medium",
        "[TABLE] Can't find location in system | [#8](#location-missing) | 🟡 Medium",
        "[TABLE] Order stuck in staging | [#9](#order-stuck) | 🔴 High",
        "[TABLE] Pick task assigned to wrong user | [#10](#wrong-user) | 🟢 Low"
      ]
    },
    {
      "number": 4,
      "title": "Problem #1: \"No Tasks on Scanner\"",
      "bullets": [
        "**The Complaint**",
        "Picker logs into RF scanner, goes to pick tasks, sees \"No tasks available\" - but you know there's work to do.",
        "**Quick Checks (30 seconds)**",
        "1. **Is user in right warehouse?**",
        "Have them check session parameters",
        "Wrong warehouse = can't see tasks",
        "2. **Is user assigned correct equipment type?**",
        "Cart pickers can't see forklift tasks",
        "Check their user profile",
        "3. **Are tasks actually generated?**",
        "Quick desktop check: Wave Management",
        "Status should be \"RDY\" (Ready to Pick)",
        "If still \"PLN\" (Planned), wave not released",
        "**Detailed Troubleshooting**",
        "**Step 1: Verify Wave Status**",
        "[CODE] Desktop: Wave Management | Search: Today's waves | Check Status column: | - BLD = Still building (not ready) | - PLN = Planned but not released (PROBLEM) | - RDY = Ready to pick (correct) | - WIP = Work in progress (tasks out there) |  | If status = PLN: | Click wave > Release action > Tasks generate",
        "**Step 2: Check Task Assignment**",
        "[CODE] Desktop: Task Management | Search:  | - Type = Pick | - Status = Assigned | - Date = Today | Look for: Tasks assigned to THIS user |  | If tasks assigned to DIFFERENT user: | Click task > Reassign action > Select correct user |  | If NO tasks at all: | Wave wasn't released properly",
        "**Step 3: Verify User Settings**",
        "[CODE] Desktop: System Admin > WMS Users | Search: Problem user | Check: | - Warehouse = Correct warehouse | - Mobile Equipment = Correct type (cart/forklift) | - Status = Active (not suspended) |  | If settings wrong: | Edit > Fix > Save > User logs out/in again",
        "**Step 4: RF Scanner Refresh**",
        "[CODE] Sometimes scanner cache gets stale: | 1. Have user log OUT of scanner | 2. Power cycle scanner (off/on) | 3. Log back in | 4. Tasks should appear",
        "**The Fix (90% of cases)**",
        "**Most Common: Wave Not Released**",
        "[CODE] 1. Desktop > Wave Management | 2. Find wave (usually most recent) | 3. Status shows PLN | 4. Select wave | 5. Click Release button | 6. Wait 30 seconds | 7. Have picker refresh task list | 8. Tasks appear",
        "**Second Most Common: Wrong Equipment Type**",
        "[CODE] 1. Check what picker is using (cart vs forklift) | 2. Desktop > WMS Users | 3. Edit user | 4. Mobile Equipment section: Set correct type | 5. Save | 6. User logs out/in | 7. Tasks appear",
        "**Prevention**",
        "Release waves immediately after planning",
        "Verify equipment types match actual equipment",
        "Train pickers to check warehouse at login"
      ]
    },
    {
      "number": 5,
      "title": "Problem #2: Wave Won't Release",
      "bullets": [
        "**The Complaint**",
        "You click \"Release\" on wave, nothing happens, or error message appears, or stays in PLN status.",
        "**Quick Check (15 seconds)**",
        "Look at wave status - must be PLN (Planned) to release. If it's BLD or anything else, that's the problem.",
        "**Common Causes**",
        "**Cause A: Still in Planning**",
        "[CODE] Status: SPLN (Scheduled for Planning) | What it means: Background process still planning | Fix: Wait 1-2 minutes, refresh, try again | If stuck >5 minutes: See \"Advanced\" section",
        "**Cause B: Staging Table Errors**",
        "[CODE] Symptom: Error message \"Staging errors exist\" | What it means: Order data has problems |  | Fix: | 1. Desktop > Outbound > Staging Table Summary | 2. Look for \"In Error\" column with numbers | 3. Click the number | 4. See error details: |    - Address invalid: Fix in ERP |    - Missing carrier: Add carrier to order |    - No inventory: Cancel line or find inventory | 5. Fix each error | 6. Go back to Wave Management | 7. Try release again",
        "**Cause C: Insufficient Inventory**",
        "[CODE] Symptom: Error \"Allocation failed\" or \"Insufficient inventory\" | What it means: Orders allocated when wave built, inventory picked/moved since |  | Fix: | 1. Desktop > Wave Management > Select Wave | 2. Click \"Replan\" action (reallocates) | 3. System finds new inventory | 4. If successful: Status = PLN | 5. Now click Release | 6. If still fails: Not enough inventory exists |    - Remove problem orders from wave |    - Source inventory from different location |    - Or cancel the line items",
        "**Cause D: Wrong Status**",
        "[CODE] Symptom: Release button grayed out | Status: BLD, SUSP, or anything except PLN |  | Fix based on status: | - BLD: Click \"Plan\" first, THEN release | - SUSP: Click \"Resume\" first, then \"Release\"   | - SHLD: Wave on hold, remove hold first | - Already RDY/WIP: Wave already released!",
        "**The Nuclear Option (When Nothing Works)**",
        "**Cancel and Rebuild Wave**",
        "[CODE] Use when: Tried everything, wave corrupted | WARNING: Loses pick progress if partially picked |  | Steps: | 1. Wave Management | 2. Select problem wave | 3. Cancel action | 4. Orders go back to \"Available\" | 5. Create new wave | 6. Add same orders | 7. Build > Plan > Release | 8. Should work this time |  | Document: Why original wave failed"
      ]
    },
    {
      "number": 6,
      "title": "Problem #3: Negative Inventory",
      "bullets": [
        "**The Complaint**",
        "Inventory Inquiry shows \"-5 units\" or negative quantity. Should be impossible.",
        "**Why It Happens**",
        "[CODE] Usually caused by: | 1. Pick confirmed but receipt never recorded | 2. Adjustment made without proper authorization | 3. System timing issue (rare) | 4. Data import error",
        "**How to Fix It**",
        "**Step 1: Understand the Transactions**",
        "[CODE] Desktop: Inventory Inquiry | Search: Problem item + location | Click: \"Transaction History\" button | Review last 10 transactions: | - Look for picks without corresponding receives | - Look for adjustments (who made them, why) | - Look for moves out without moves in",
        "**Step 2: Determine Root Cause**",
        "[CODE] Common scenarios: |  | Scenario A: Picked items that weren't really there | - Someone confirmed pick from empty location | - Location had ghost inventory | - Fix: Adjustment to zero |  | Scenario B: Receipt not confirmed   | - Items physically received | - Put away to location | - But receipt never confirmed in system | - Fix: Create receipt or adjustment UP |  | Scenario C: Double pick | - Same items picked twice | - Once manually, once in system | - System doesn't know about manual pick | - Fi",
        "**Step 3: Correct the Inventory**",
        "[CODE] Desktop: Inventory Management > Inventory Adjustments | Create adjustment: | 1. Item number | 2. Location | 3. Current quantity: -5 (what system shows) | 4. New quantity: 0 (what physically exists) | 5. Reason code: CORRECTION or RECON | 6. Notes: \"Correcting negative inventory - [explain cause]\" | 7. Submit |  | Inventory now shows 0 (correct)",
        "**Step 4: Investigate Why**",
        "[CODE] Critical: Find out HOW it went negative |  | Questions: | - Which user made the picks? | - Were they trained properly? | - Did they confirm from empty location? | - Is this recurring pattern? |  | Actions: | - Retrain user on proper procedures | - Cycle count the location (verify physical) | - Review recent picks from that location | - May need process change",
        "**Prevention**",
        "Train pickers: NEVER confirm pick from empty location",
        "Use \"short pick\" when item not there",
        "Regular cycle counts catch discrepancies early",
        "Monitor negative inventory report daily"
      ]
    },
    {
      "number": 7,
      "title": "Problem #4: Scanner Keeps Disconnecting",
      "bullets": [
        "**The Complaint**",
        "RF scanner user keeps getting kicked out, loses connection every few minutes, or gets \"connection lost\" errors.",
        "**Quick Fixes (Try These First)**",
        "**Fix 1: Battery Low**",
        "[CODE] Surprisingly common! | 1. Check battery icon on scanner | 2. If <20%: Put on charger for 10 minutes | 3. Low battery = weak WiFi signal | 4. Fully charged scanner rarely disconnects",
        "**Fix 2: WiFi Dead Zone**",
        "[CODE] Walk with user to problem area | Check WiFi signal strength on scanner | If <2 bars: Dead zone | Quick fix: Use different aisle/area | Long-term: Tell IT to add WiFi AP",
        "**Fix 3: Scanner Cache Full**",
        "[CODE] Happens after weeks without restart | 1. Power off scanner | 2. Wait 10 seconds | 3. Power on | 4. Log back in | 5. Usually fixes intermittent disconnects",
        "**Deeper Issues**",
        "**Problem: Specific Scanner (Not User)**",
        "[CODE] If same scanner disconnects for different users: | Scanner hardware issue |  | Test: | 1. Swap scanner with another user's | 2. If problem follows scanner: Hardware | 3. If problem stays with user: WiFi/location |  | Fix for hardware: | - Restart scanner | - Check for physical damage | - Replace if continues | - Tag as \"problematic\" until fixed",
        "**Problem: Specific User (Not Scanner)**",
        "[CODE] If user disconnects with multiple scanners: |  | Possible causes: | 1. User profile issue | 2. Session timeout settings too aggressive | 3. User's work pattern (long idle times) |  | Check: | Desktop > System Admin > WMS Users | Review: | - Session timeout setting | - Active session count (maybe hitting limit) | - Last login/logout times |  | Fix: | - Extend session timeout for user | - Kill duplicate sessions | - Retrain on proper login/logout",
        "**Problem: Specific Location in Warehouse**",
        "[CODE] If disconnects only in certain aisles: |  | WiFi coverage issue |  | Document: | - Which aisles/areas | - Report to IT | - Request WiFi survey |  | Short-term workaround: | - Reassign tasks from that area to other users | - Or have user work faster through dead zone",
        "**Emergency Workaround**",
        "**When Scanner Completely Dead**",
        "[CODE] Can't wait for IT, need to keep working: |  | Option 1: Desktop Terminal | - Set up laptop/tablet in warehouse | - User performs tasks via desktop interface | - Slower but functional |  | Option 2: Paper Pick List | - Print pick list from wave | - User picks manually with paper | - Supervisor enters completions on desktop | - Old school but works |  | Option 3: Borrow from Another Shift | - If 2nd/3rd shift not using scanners | - Temporarily reassign equipment | - Must track carefully"
      ]
    },
    {
      "number": 8,
      "title": "Problem #5: Labels Printing Wrong Data",
      "bullets": [
        "**The Complaint**",
        "Shipping label prints with wrong address, or packing slip shows wrong items, or barcode doesn't scan.",
        "**Quick Checks**",
        "**Check 1: Verify Data in System**",
        "[CODE] First rule: Garbage in, garbage out |  | Desktop: Order Management > Find order | Review: | - Ship-to address in Tecsys | - Item quantities | - Customer name |  | If wrong in system: Won't print right | Fix: Correct in ERP (flows to Tecsys) or manually update order",
        "**Check 2: Print from Different Station**",
        "[CODE] Try printing same label from: | 1. Different computer | 2. Different user login | 3. Different printer |  | If prints correctly elsewhere: | - Not a data problem | - Configuration or printer problem on specific station",
        "**Check 3: Verify Label Format Selected**",
        "[CODE] Desktop: Container details or Shipment details | Look for: \"Label Format\" field | Should show: Correct carrier format (UPS, FedEx, etc.) |  | If wrong format selected: | Change to correct format | Reprint",
        "**Common Scenarios**",
        "**Scenario A: Address Prints Truncated**",
        "[CODE] Example: \"123 Main Street\" prints as \"123 Main St\" |  | Cause: Label format has character limits |  | Fix: | 1. Check address length in system | 2. If >allowed characters: |    - Abbreviate street type (Street→St) |    - Remove suite number if fits on line 2 |    - Use approved abbreviations | 3. If must have full address: |    - Use different label format |    - Or print on larger label size",
        "**Scenario B: Barcode Won't Scan**",
        "[CODE] Cause: Barcode printed with wrong symbology or damaged |  | Diagnostic: | 1. Look at barcode visually | 2. Are bars crisp and clear? | 3. Correct format (Code 128, UPC, etc.)? |  | Fix: | - Printer dirty: Clean printhead | - Wrong symbology: Check label template | - Barcode damaged: Reprint label | - Scanner problem: Test barcode with phone camera",
        "**Scenario C: Wrong Customer Name**",
        "[CODE] Cause: Customer data not synced from ERP |  | Fix: | 1. Verify customer in ERP has correct name | 2. Force sync: System Admin > Sync Customer Data | 3. Wait 2-3 minutes | 4. Refresh order | 5. Customer name should update | 6. Reprint label",
        "**Scenario D: Completely Wrong Label Prints**",
        "[CODE] Example: Printing order #12345, gets label for order #98765 |  | Cause: Printer spooler issue or buffer problem |  | Fix: | 1. Cancel all print jobs | 2. Clear printer spooler/queue: |    - Windows: Devices & Printers |    - Right-click printer |    - See what's printing |    - Cancel all | 3. Power cycle printer | 4. Reprint label | 5. Verify correct label prints",
        "**Label Template Issues**",
        "**When to Suspect Template Problem**",
        "[CODE] Signs: | - Same error on every label (not isolated) | - Error started after recent change | - Wrong field in wrong place (layout issue) |  | What to check: | - Was label template modified recently? | - Did Tecsys get upgraded? | - Did carrier change format requirements? |  | Who can fix: | - System admin or IT | - May need Tecsys support | - Not fixable by supervisor",
        "**Emergency Print Alternative**",
        "**When Label Printer Down**",
        "[CODE] Option 1: Email label | - Some carriers allow emailed label | - Print from office printer | - Tape to box |  | Option 2: Manual entry | - Use carrier website | - Enter shipment manually | - Generate label there | - Must void label in Tecsys later |  | Option 3: Different printer | - Route print job to working printer | - May need IT to configure | - Temporary solution"
      ]
    },
    {
      "number": 9,
      "title": "Problem #6: User Locked Out",
      "bullets": [
        "**The Complaint**",
        "User can't login, error says \"Account locked\" or \"Invalid password\" after password was working yesterday.",
        "**Quick Resolution**",
        "**Step 1: Check Account Status**",
        "[CODE] Desktop: System Admin > WMS Users | Search: Problem user | Look at: Status field |  | If status = \"Locked\" or \"Suspended\": | Click Edit | Change status to \"Active\" | Save | User can log in immediately",
        "**Step 2: Reset Failed Login Counter**",
        "[CODE] Most systems lock after 3-5 failed login attempts |  | To reset: | System Admin > WMS Users > Edit user | Look for: \"Failed Login Attempts\" field | Reset to: 0 | Save | Account unlocked",
        "**Step 3: Password Issues**",
        "[CODE] If user forgot password: | System Admin > WMS Users > Edit user | Set new temporary password: | - Make it simple (Welcome123) | - Tell user in person (not email) | - Check \"Must change on next login\" | - Save |  | User logs in with temp password | System forces password change | User creates new password",
        "**Common Lock Scenarios**",
        "**Scenario A: Caps Lock On**",
        "[CODE] User typing password with Caps Lock on | Fails 3 times → Locked |  | Prevention: | - Train users to check Caps Lock | - Some systems show indicator",
        "**Scenario B: Password Expired**",
        "[CODE] Error: \"Password expired\" | Different from \"locked\" |  | Fix: | Reset password (as above) | Or: User goes through password recovery | Check password policy - how often expires? | 30/60/90 days typical",
        "**Scenario C: Account Disabled by IT**",
        "[CODE] User terminated, account disabled | Or: Inactive for 90+ days, auto-disabled |  | Check with HR/supervisor first! | Don't reactivate terminated employee | If legitimate (seasonal worker returning): | Reactivate account | Reset password"
      ]
    },
    {
      "number": 10,
      "title": "Problem #7: Inventory Count Doesn't Match",
      "bullets": [
        "**The Complaint**",
        "Cycle counter says location has 10 units, system shows 15, what do we do?",
        "**Investigation Process**",
        "**Step 1: Recount (Always)**",
        "[CODE] Never trust first count |  | Actions: | 1. Have DIFFERENT person recount | 2. Count again yourself if possible | 3. Check all shelf positions (top/bottom/behind) | 4. Verify item number matches | 5. Check UOM (counting eaches vs cases?) |  | If recount matches original: Proceed | If different: Investigate counting error first",
        "**Step 2: Check Recent Activity**",
        "[CODE] Desktop: Inventory Inquiry > Item > Transactions |  | Look at last 24 hours: | - Any picks? (reduces quantity) | - Any receives? (increases quantity) | - Any moves? (location to location) | - Any adjustments? (manual changes) |  | Common findings: | - Pick confirmed but not physically picked yet | - Receive in system but not put away yet | - Items between locations (in transit)",
        "**Step 3: Check for Holds**",
        "[CODE] System shows: 15 units | Physical count: 10 units | Difference: 5 units |  | Check: | Desktop > Inventory Inquiry > Holds tab | If 5 units on hold: That explains it! | Held units count in system but may be physical elsewhere |  | Fix: Verify held units in hold area",
        "**Step 4: Decision Tree**",
        "[CODE] System: 15, Physical: 10 |  | Question 1: Are 5 units somewhere else in warehouse? | - Check other locations for item | - Check staging area | - Check receiving area | - Check damage area | If found → Create inventory move |  | Question 2: Were 5 units recently picked but not confirmed? | - Check open pick tasks | - Check staging table | If yes → Complete the pick task |  | Question 3: Are we sure about the count? | - Third person recount | - Check for hidden units | If still 10 → Create adjustm",
        "**Step 5: Make Adjustment**",
        "[CODE] If truly a discrepancy: |  | Desktop: Inventory Adjustments | Create: | - Item: [item number] | - Location: [location] | - Current: 15 (system) | - New: 10 (physical) | - Variance: -5 | - Reason: CYCLE_COUNT_VARIANCE | - Notes: \"Cycle count found 10, system showed 15. Recounted by [names]. Investigated - no other locations. Approving adjustment per procedure.\" | Submit |  | If requires supervisor approval: | System routes for approval | You approve (if authorized) | Inventory updates to 10",
        "**Special Cases**",
        "**Large Variance (>50 units or >$500)**",
        "[CODE] DO NOT adjust immediately |  | Actions: | 1. Full investigation (steps above) | 2. Review security footage if available | 3. Interview staff who handled item | 4. Check if similar variances elsewhere | 5. Document everything | 6. Manager approval required | 7. May need HR/security involvement if theft suspected",
        "**Repeated Variances Same Location**",
        "[CODE] Indicates systemic issue |  | Possible causes: | - Location label wrong/damaged | - Similar items stored together | - Counting procedure unclear | - Putaway not confirmed properly |  | Fix: | - Verify location label correct | - Separate similar items | - Retrain staff on location | - Increase cycle count frequency for location",
        "(Document continues with Problems #8-10...)"
      ]
    },
    {
      "number": 11,
      "title": "Quick Reference: When to Escalate",
      "bullets": [
        "[TABLE] Issue Type | Try First | Escalate If | Escalate To",
        "[TABLE] No tasks on scanner | Verify wave released, check settings | Still no tasks after fixes | IT Support",
        "[TABLE] Wave won't release | Check staging errors, replan | Continues failing | System Admin",
        "[TABLE] Negative inventory | Create adjustment | Recurring pattern | Manager + IT",
        "[TABLE] Scanner disconnect | Check battery, WiFi, restart | Continues or widespread | IT Support",
        "[TABLE] Wrong label data | Verify system data, reprint | Template issue | System Admin",
        "[TABLE] User locked out | Unlock account, reset password | Account doesn't exist | IT/HR",
        "[TABLE] Count mismatch | Recount, investigate, adjust | >$500 or theft suspected | Manager"
      ]
    },
    {
      "number": 12,
      "title": "Daily Checklist (Prevent Problems)",
      "bullets": [
        "**Every Morning** (5 minutes):",
        "[ ] Check overnight batch jobs completed",
        "[ ] Review wave release schedule for day",
        "[ ] Verify all scanners charged and working",
        "[ ] Check printer status (paper, toner)",
        "[ ] Review any overnight alerts/errors",
        "**During Shift** (As needed):",
        "[ ] Monitor wave statuses",
        "[ ] Respond to user issues promptly",
        "[ ] Verify picks staying on schedule",
        "[ ] Check staging for backups",
        "**End of Day** (10 minutes):",
        "[ ] Complete all waves or suspend properly",
        "[ ] Verify all scanners on charge",
        "[ ] Review day's adjustments/exceptions",
        "[ ] Document recurring issues",
        "[ ] Prepare notes for next shift",
        "**For Questions**: Contact IT Support or System Administrator",
        "**Document Version**: 1.0 | February 2026"
      ]
    }
  ]
}